SerialNumber,e1d537ccd0f12fa76df4db73a8904a921776f095
TotalPlayTime,3311.03
TotalDeathCount,3
TotalKilledEnemies,306
TotalClearedBosses,2

SegmentNumber,EquippedModules,PlayTime,Staff_AttackCount,Staff_SpecialAttackCount,Staff_TotalDamage,Staff_Time,Staff_DPS,Shotgun_AttackCount,Shotgun_SpecialAttackCount,Shotgun_TotalDamage,Shotgun_Time,Shotgun_DPS,Hammer_AttackCount,Hammer_SpecialAttackCount,Hammer_TotalDamage,Hammer_Time,Hammer_DPS,Sword_AttackCount,Sword_SpecialAttackCount,Sword_TotalDamage,Sword_Time,Sword_DPS,Spear_AttackCount,Spear_SpecialAttackCount,Spear_TotalDamage,Spear_Time,Spear_DPS,WeaponSwitches,DamageReceivedByEnemy,DashCount,SlideDashCount,JumpCount,DodgeCount,DeathCount,EnemyPatternHitLogs
"C1_Stage1_1","",100.39,129,0,0.00,39.73,0.0000,0,0,0.00,0.00,NaN,0,0,0.00,0.00,NaN,0,0,0.00,0.00,NaN,0,0,0.00,0.00,NaN,"",0.00,23,22,0,17,0,""
"C1_Stage2_1","",40.98,37,0,668.00,14.53,45.9635,0,0,0.00,0.00,NaN,0,0,0.00,0.00,NaN,0,0,0.00,0.00,NaN,0,0,0.00,0.00,NaN,"",20.00,16,4,16,4,0,"C1TonpaMobPrefab (1)-AttackHitbox:10;C1TonpaMobPrefab (3)-AttackHitbox:10"
"C1_Stage2_2","",74.65,31,0,182.48,9.60,19.0083,12,2,161.50,7.48,21.5812,0,0,0.00,0.00,NaN,0,0,0.00,0.00,NaN,0,0,0.00,0.00,NaN,"{order:1,from:Shotgun,to:Shotgun};{order:2,from:Staff,to:Staff};{order:3,from:Shotgun,to:Shotgun};{order:4,from:Staff,to:Staff}",20.00,6,4,0,3,0,"Stranger (tutorial boss)-Attack:20"
"C1_Stage2_3","",59.56,47,1,745.00,17.27,43.1467,10,2,239.00,3.48,68.6112,0,0,0.00,0.00,NaN,0,0,0.00,0.00,NaN,0,0,0.00,0.00,NaN,"{order:1,from:Shotgun,to:Shotgun};{order:2,from:Staff,to:Staff};{order:3,from:Shotgun,to:Shotgun};{order:4,from:Staff,to:Staff};{order:5,from:Shotgun,to:Shotgun};{order:6,from:Staff,to:Staff}",20.00,14,4,8,4,0,"C1EliteTonpaMob-Rush Attack:10;C1EliteTonpaMob-Attack:10"
"C1_Stage2_4","",7.50,4,0,94.00,1.82,51.7418,0,0,0.00,0.00,NaN,0,0,0.00,0.00,NaN,0,0,0.00,0.00,NaN,0,0,0.00,0.00,NaN,"",0.00,3,1,2,1,0,""
"C1_Stage2_5","",18.00,2,0,2.70,3.05,0.8852,0,0,0.00,0.00,NaN,0,0,0.00,0.00,NaN,0,0,0.00,0.00,NaN,0,0,0.00,0.00,NaN,"",20.00,7,2,9,2,0,"Hinge-Hitbox:20"
"C1_Stage2_6","",43.15,42,0,662.30,15.87,41.7417,3,1,78.00,1.07,73.1219,0,0,0.00,0.00,NaN,0,0,0.00,0.00,NaN,0,0,0.00,0.00,NaN,"{order:1,from:Shotgun,to:Shotgun};{order:2,from:Staff,to:Staff}",20.00,16,4,9,6,0,"Hinge-Hitbox:10;C1TonpaMobPrefab (17)-AttackHitbox:10"
"C1_Stage2_7","",24.32,11,0,238.00,5.70,41.7892,3,1,33.00,0.95,34.5632,0,0,0.00,0.00,NaN,0,0,0.00,0.00,NaN,0,0,0.00,0.00,NaN,"{order:1,from:Shotgun,to:Shotgun};{order:2,from:Staff,to:Staff}",20.00,7,2,5,3,0,"Hinge-Hitbox:10;C1PistolMob-AttackHitbox:10"
"C1_Stage2_8","",45.58,55,0,1006.40,16.88,59.6167,3,1,126.00,0.74,171.2897,0,0,0.00,0.00,NaN,0,0,0.00,0.00,NaN,0,0,0.00,0.00,NaN,"{order:1,from:Shotgun,to:Shotgun};{order:2,from:Staff,to:Staff}",20.00,15,4,3,5,0,"C1PistolMob-AttackHitbox:20"
"C1_Stage2_9","",74.98,17,0,270.00,6.69,40.3665,14,5,1592.00,10.09,157.7071,0,0,0.00,0.00,NaN,0,0,0.00,0.00,NaN,0,0,0.00,0.00,NaN,"{order:1,from:Shotgun,to:Shotgun};{order:2,from:Staff,to:Staff};{order:3,from:Shotgun,to:Shotgun};{order:4,from:Staff,to:Staff}",70.00,9,3,0,5,1,"C1SandMecha-MeleeHitbox:40;C1SandMecha-DashAttackHitbox:10;C1SandMecha (4)-MeleeHitbox:10;C1SandMecha (3)-MeleeHitbox:10"
"C1_Stage3_1","",23.50,17,0,240.00,6.46,37.1267,4,1,86.00,1.39,62.0688,0,0,0.00,0.00,NaN,0,0,0.00,0.00,NaN,0,0,0.00,0.00,NaN,"{order:1,from:Shotgun,to:Shotgun};{order:2,from:Staff,to:Staff}",20.00,6,1,2,1,0,"C1PistolMob (1)-AttackHitbox:20"
"C1_Stage3_2","",36.43,40,0,590.00,13.76,42.8665,7,2,204.00,1.69,120.9720,0,0,0.00,0.00,NaN,0,0,0.00,0.00,NaN,0,0,0.00,0.00,NaN,"{order:1,from:Shotgun,to:Shotgun};{order:2,from:Staff,to:Staff};{order:3,from:Shotgun,to:Shotgun};{order:4,from:Staff,to:Staff}",30.00,11,4,4,2,0,"C1EliteTonpaMob (2)-Rush Attack:10;C1PistolMob (2)-AttackHitbox:10;FallDamageArea (1)-:10"
"C1_Stage3_3","",30.57,33,0,428.50,11.31,37.8977,9,3,429.00,2.88,149.1351,0,0,0.00,0.00,NaN,0,0,0.00,0.00,NaN,0,0,0.00,0.00,NaN,"{order:1,from:Shotgun,to:Shotgun};{order:2,from:Staff,to:Staff};{order:3,from:Shotgun,to:Shotgun};{order:4,from:Staff,to:Staff};{order:5,from:Shotgun,to:Shotgun};{order:6,from:Staff,to:Staff}",10.00,10,6,2,5,0,"C1GunnerMobPrefab (1)-RangedAttackHitbox:10"
"C1_Stage3_4","",33.88,0,0,0.00,0.00,NaN,0,0,0.00,0.00,NaN,0,0,0.00,0.00,NaN,0,0,0.00,0.00,NaN,0,0,0.00,0.00,NaN,"",0.00,0,0,0,0,0,""
"C1_Stage3_5","",11.90,0,0,0.00,0.90,0.0000,0,0,0.00,0.00,NaN,0,0,0.00,0.00,NaN,0,0,0.00,0.00,NaN,0,0,0.00,0.00,NaN,"",0.00,2,0,1,0,0,""
"C1_Stage3_6","",46.58,57,0,850.20,18.37,46.2945,18,5,717.40,7.81,91.8279,0,0,0.00,0.00,NaN,0,0,0.00,0.00,NaN,0,0,0.00,0.00,NaN,"{order:1,from:Shotgun,to:Shotgun};{order:2,from:Staff,to:Staff};{order:3,from:Shotgun,to:Shotgun};{order:4,from:Staff,to:Staff};{order:5,from:Shotgun,to:Shotgun};{order:6,from:Staff,to:Staff};{order:7,from:Shotgun,to:Shotgun};{order:8,from:Staff,to:Staff};{order:9,from:Shotgun,to:Shotgun};{order:10,from:Staff,to:Staff}",20.00,11,4,3,4,0,"C1EliteTonpaMob (3)-Attack:10;C1EliteTonpaMob-Attack:10"
"C1_Stage3_7","",44.10,18,0,305.40,6.08,50.2024,7,2,239.00,1.73,137.8794,0,0,0.00,0.00,NaN,0,0,0.00,0.00,NaN,0,0,0.00,0.00,NaN,"{order:1,from:Shotgun,to:Shotgun};{order:2,from:Staff,to:Staff};{order:3,from:Shotgun,to:Shotgun};{order:4,from:Staff,to:Staff}",10.00,3,1,7,1,0,"C1TonpaMobPrefab-AttackHitbox:10"
"C1_Stage3_8","",104.74,102,0,0.00,27.70,0.0000,0,0,0.00,0.00,NaN,0,0,0.00,0.00,NaN,0,0,0.00,0.00,NaN,0,0,0.00,0.00,NaN,"",50.00,17,10,0,11,0,"C1MidBoss-Taaang:10;C1MidBoss-Room Center TangTang 1:10;C1MidBoss-Room Center TangTang 2:10;C1MidBoss-KickKick 1:10;C1MidBoss-KickKick 2:10"
"C1_Boss_1","ResetDashCooltimeOnWeaponChange",535.32,5,0,110.00,2.55,43.1364,0,0,0.00,0.00,NaN,0,0,0.00,0.00,NaN,0,0,0.00,0.00,NaN,0,0,0.00,0.00,NaN,"",10.00,4,0,4,0,0,"C1TonpaMobPrefab A-AttackHitbox:10"
"C1_Boss_2","ResetDashCooltimeOnWeaponChange",63.67,74,0,837.40,22.45,37.3018,18,4,648.50,8.47,76.5856,0,0,0.00,0.00,NaN,0,0,0.00,0.00,NaN,0,0,0.00,0.00,NaN,"{order:1,from:Shotgun,to:Shotgun};{order:2,from:Staff,to:Staff};{order:3,from:Shotgun,to:Shotgun};{order:4,from:Staff,to:Staff};{order:5,from:Shotgun,to:Shotgun};{order:6,from:Staff,to:Staff}",10.00,14,7,16,6,0,"C1GrenadierExplosionPrefab(Clone)-C1GrenadierExplosionPrefab(Clone):10"
"C1_Boss_3","ResetDashCooltimeOnWeaponChange",44.33,34,0,623.40,12.46,50.0386,10,3,406.00,3.86,105.2383,0,0,0.00,0.00,NaN,0,0,0.00,0.00,NaN,0,0,0.00,0.00,NaN,"{order:1,from:Shotgun,to:Shotgun};{order:2,from:Staff,to:Staff};{order:3,from:Shotgun,to:Shotgun};{order:4,from:Staff,to:Staff};{order:5,from:Shotgun,to:Shotgun};{order:6,from:Staff,to:Staff}",20.00,13,1,11,3,0,"C1SandMecha-DashAttackHitbox:10;C1TonpaMobPrefab (12)-AttackHitbox:10"
"C1_Boss_4","ResetDashCooltimeOnWeaponChange",76.43,67,0,1066.40,18.92,56.3748,3,1,111.50,0.48,230.6586,0,0,0.00,0.00,NaN,0,0,0.00,0.00,NaN,0,0,0.00,0.00,NaN,"{order:1,from:Shotgun,to:Shotgun};{order:2,from:Staff,to:Staff}",30.00,14,4,4,5,0,"C1PistolMob (2)-AttackHitbox:10;FallDamageArea-:20"
"C1_Boss_5","ResetDashCooltimeOnWeaponChange",1.72,0,0,0.00,0.00,NaN,0,0,0.00,0.00,NaN,0,0,0.00,0.00,NaN,0,0,0.00,0.00,NaN,0,0,0.00,0.00,NaN,"",0.00,0,0,0,0,0,""
"C1_Boss_6","ResetDashCooltimeOnWeaponChange",54.08,27,1,469.00,8.32,56.3921,9,2,354.00,2.38,148.5335,0,0,0.00,0.00,NaN,0,0,0.00,0.00,NaN,0,0,0.00,0.00,NaN,"{order:1,from:Shotgun,to:Shotgun};{order:2,from:Staff,to:Staff};{order:3,from:Shotgun,to:Shotgun};{order:4,from:Staff,to:Staff}",10.00,4,2,0,2,0,"C1SandMecha (1)-MeleeHitbox:10"
"C1_Boss_7","ResetDashCooltimeOnWeaponChange",16.58,20,0,388.00,6.18,62.7479,5,1,358.00,1.03,346.4543,0,0,0.00,0.00,NaN,0,0,0.00,0.00,NaN,0,0,0.00,0.00,NaN,"{order:1,from:Shotgun,to:Shotgun};{order:2,from:Staff,to:Staff}",0.00,6,1,2,1,0,""
"C1_Boss_8","ResetDashCooltimeOnWeaponChange",241.74,118,4,1398.30,37.67,37.1233,11,2,147.50,5.28,27.9187,0,0,0.00,0.00,NaN,0,0,0.00,0.00,NaN,0,0,0.00,0.00,NaN,"{order:1,from:Shotgun,to:Shotgun};{order:2,from:Staff,to:Staff};{order:3,from:Shotgun,to:Shotgun};{order:4,from:Staff,to:Staff}",70.00,24,10,3,15,0,"C1Boss-CounterAttackHitbox:10;C1Boss-DashAttackHitbox:10;C1Boss-FlameThrowerStartHitbox:10;C1GunnerMobPrefab(Clone)-RangedAttackHitbox:10;C1CannonExplode(Clone)-C1CannonExplode(Clone):10;C1Boss-MeleeAttack1Hitbox:10;C1Boss-MeleeAttack3Hitbox:10"
"C2_Stage2_1","ResetDashCooltimeOnWeaponChange",16.07,25,0,342.00,5.93,57.6427,0,0,0.00,0.00,NaN,0,0,0.00,0.00,NaN,0,0,0.00,0.00,NaN,0,0,0.00,0.00,NaN,"",0.00,4,2,0,2,0,""
"C2_Stage2_2","ResetDashCooltimeOnWeaponChange",16.22,20,0,169.00,4.85,34.8412,0,0,0.00,0.00,NaN,0,0,0.00,0.00,NaN,0,0,0.00,0.00,NaN,0,0,0.00,0.00,NaN,"",10.00,3,2,0,1,0,"C2GunnerMobPrefab (4)-RangedAttackHitbox:10"
"C2_Stage2_3","ResetDashCooltimeOnWeaponChange",102.13,30,0,288.00,8.47,34.0142,0,0,0.00,0.00,NaN,0,0,0.00,0.00,NaN,0,0,0.00,0.00,NaN,17,0,70.00,8.83,7.9242,"{order:1,from:Spear,to:Spear};{order:2,from:Staff,to:Staff}",10.00,10,3,1,5,0,"C2GunnerMobPrefab (5)-RangedAttackHitbox:10"
"C2_Stage2_4","ResetDashCooltimeOnWeaponChange",2.39,0,0,0.00,0.00,NaN,0,0,0.00,0.00,NaN,0,0,0.00,0.00,NaN,0,0,0.00,0.00,NaN,0,0,0.00,0.00,NaN,"",0.00,0,0,1,0,0,""
"C2_Stage2_5","ResetDashCooltimeOnWeaponChange",34.53,21,0,256.00,8.62,29.7114,0,0,0.00,0.00,NaN,0,0,0.00,0.00,NaN,0,0,0.00,0.00,NaN,9,2,255.00,3.37,75.7473,"{order:1,from:Spear,to:Spear};{order:2,from:Staff,to:Staff};{order:3,from:Shotgun,to:Shotgun};{order:4,from:Spear,to:Spear};{order:5,from:Staff,to:Staff}",30.00,8,2,1,4,0,"C2ElecWhipmanPrefabForDashTutorial-AttackHitBox:10;C2GunnerMobPrefab-RangedAttackHitbox:10;C2EliteMobPrefab-RushAttackHitBox:10"
"C2_Stage2_6","ResetDashCooltimeOnWeaponChange",25.85,31,0,517.50,7.48,69.1508,0,0,0.00,0.00,NaN,0,0,0.00,0.00,NaN,0,0,0.00,0.00,NaN,9,2,280.00,3.82,73.3675,"{order:1,from:Spear,to:Spear};{order:2,from:Staff,to:Staff};{order:3,from:Spear,to:Spear};{order:4,from:Staff,to:Staff}",40.00,5,2,0,2,0,"C2EliteMobPrefab-RushAttackHitBox:10;C2ElecWhipmanPrefab-LowAttackHitBox:10;C2ElecWhipmanPrefab-AttackHitBox:10;Crosshair-hitbox:10"
"C2_Stage2_7","ResetDashCooltimeOnWeaponChange",29.97,27,0,275.00,7.48,36.7468,0,0,0.00,0.00,NaN,0,0,0.00,0.00,NaN,0,0,0.00,0.00,NaN,9,2,512.50,4.52,113.4703,"{order:1,from:Spear,to:Spear};{order:2,from:Staff,to:Staff};{order:3,from:Spear,to:Spear};{order:4,from:Staff,to:Staff}",30.00,7,4,0,3,0,"C2ElecWhipmanPrefab (1)-LowAttackHitBox:10;Crosshair-hitbox:10;C2EliteMobPrefab-JumpAttackHitBox:10"
"C2_Stage2_8","ResetDashCooltimeOnWeaponChange",47.98,49,0,578.00,13.28,43.5104,0,0,0.00,0.00,NaN,0,0,0.00,0.00,NaN,0,0,0.00,0.00,NaN,9,3,485.00,5.42,89.5331,"{order:1,from:Spear,to:Spear};{order:2,from:Staff,to:Staff};{order:3,from:Spear,to:Spear};{order:4,from:Staff,to:Staff};{order:5,from:Spear,to:Spear};{order:6,from:Staff,to:Staff}",30.00,10,5,0,5,0,"C2TonpaManPrefab (2)-MeleeAttackHitbox:10;Crosshair-hitbox:10;C2ElecWhipmanPrefab-LowAttackHitBox:10"
"C2_Stage2_9","ResetDashCooltimeOnWeaponChange",29.18,10,0,68.00,4.47,15.2251,0,0,0.00,0.00,NaN,0,0,0.00,0.00,NaN,0,0,0.00,0.00,NaN,6,5,1010.00,5.55,181.9724,"{order:1,from:Spear,to:Spear};{order:2,from:Staff,to:Staff};{order:3,from:Spear,to:Spear};{order:4,from:Staff,to:Staff}",0.00,2,1,0,1,0,""
"C2_Stage2_10","ResetDashCooltimeOnWeaponChange",16.77,20,0,268.00,6.23,42.9908,0,0,0.00,0.00,NaN,0,0,0.00,0.00,NaN,0,0,0.00,0.00,NaN,3,1,230.00,0.97,237.9591,"{order:1,from:Spear,to:Spear};{order:2,from:Staff,to:Staff}",10.00,4,2,2,2,0,"C2TonpaManPrefab (2)-MeleeAttackHitbox:10"
"C2_Stage2_11","ResetDashCooltimeOnWeaponChange",64.90,33,0,533.00,12.50,42.6392,0,0,0.00,0.00,NaN,0,0,0.00,0.00,NaN,0,0,0.00,0.00,NaN,10,2,340.00,8.88,38.2741,"{order:1,from:Spear,to:Spear};{order:2,from:Staff,to:Staff}",60.00,16,0,8,2,0,"C2EliteMobPrefab (1)-JumpAttackHitBox:10;FallDamageArea-:10;C2ElecWhipmanPrefab-LowAttackHitBox:10;C2ElecWhipmanPrefab (1)-LowAttackHitBox:20;Player-슈아2 감전 스택 폭발:10"
"C2_Stage2_12","ResetDashCooltimeOnWeaponChange",152.70,87,0,0.00,23.52,0.0000,22,2,0.00,17.13,0.0000,0,0,0.00,0.00,NaN,0,0,0.00,0.00,NaN,9,2,0.00,2.88,0.0000,"{order:1,from:Shotgun,to:Shotgun};{order:2,from:Staff,to:Staff};{order:3,from:Spear,to:Spear};{order:4,from:Staff,to:Staff};{order:5,from:Shotgun,to:Shotgun};{order:6,from:Staff,to:Staff};{order:7,from:Spear,to:Spear};{order:8,from:Staff,to:Staff}",20.00,14,5,1,10,0,"C2MidBoss Tanker-Rush:10;C2MidBoss Tanker-Melee:10"
"C2_Boss_1","ResetDashCooltimeOnWeaponChange",41.15,24,0,307.30,7.27,42.2865,14,2,359.00,5.78,62.0737,0,0,0.00,0.00,NaN,0,0,0.00,0.00,NaN,0,0,0.00,0.00,NaN,"{order:1,from:Shotgun,to:Shotgun};{order:2,from:Staff,to:Staff};{order:3,from:Shotgun,to:Shotgun};{order:4,from:Staff,to:Staff}",40.00,8,8,5,4,0,"C2ShieldMobPrefab-ShieldAttackHitbox:20;C2GunnerMobPrefab (1)-RangedAttackHitbox:10;Player-슈아2 감전 스택 폭발:10"
"C2_Boss_2","ResetDashCooltimeOnWeaponChange",76.78,54,0,741.60,20.77,35.7124,16,4,458.00,5.43,84.2942,0,0,0.00,0.00,NaN,0,0,0.00,0.00,NaN,16,6,710.00,10.72,66.2511,"{order:1,from:Shotgun,to:Shotgun};{order:2,from:Staff,to:Staff};{order:3,from:Shotgun,to:Shotgun};{order:4,from:Staff,to:Staff};{order:5,from:Spear,to:Spear};{order:6,from:Staff,to:Staff};{order:7,from:Shotgun,to:Shotgun};{order:8,from:Staff,to:Staff};{order:9,from:Spear,to:Spear};{order:10,from:Staff,to:Staff};{order:11,from:Shotgun,to:Shotgun};{order:12,from:Spear,to:Spear};{order:13,from:Staff,to:Staff};{order:14,from:Shotgun,to:Shotgun};{order:15,from:Staff,to:Staff};{order:16,from:Spear,to:Spear};{order:17,from:Staff,to:Staff};{order:18,from:Spear,to:Spear};{order:19,from:Staff,to:Staff}",50.00,16,7,1,6,0,"C2GunnerMobPrefab-RangedAttackHitbox:20;C2ShieldMobPrefab (2)-ShieldAttackHitbox:10;C2EliteMobPrefab-RushAttackHitBox:10;C2EliteMobPrefab-JumpAttackHitBox:10"
"C2_Boss_3","ResetDashCooltimeOnWeaponChange",23.57,2,0,50.00,1.80,27.7733,4,1,49.50,1.48,33.3693,0,0,0.00,0.00,NaN,0,0,0.00,0.00,NaN,3,2,340.00,2.85,119.2839,"{order:1,from:Spear,to:Spear};{order:2,from:Shotgun,to:Shotgun};{order:3,from:Staff,to:Staff}",0.00,3,1,0,1,0,""
"C2_Boss_4","ResetDashCooltimeOnWeaponChange",25.83,0,0,0.00,0.45,0.0000,0,0,0.00,0.00,NaN,0,0,0.00,0.00,NaN,0,0,0.00,0.00,NaN,0,0,0.00,0.00,NaN,"",0.00,1,0,1,0,0,""
"C2_Boss_5","ResetDashCooltimeOnWeaponChange",33.71,7,0,28.00,3.10,9.0320,0,0,0.00,0.00,NaN,0,0,0.00,0.00,NaN,0,0,0.00,0.00,NaN,9,4,852.50,7.10,120.0770,"{order:1,from:Spear,to:Spear};{order:2,from:Spear,to:Spear};{order:3,from:Staff,to:Staff}",50.00,5,1,0,2,1,"C2ElecWhipmanPrefab (1)-AttackHitBox:10;C2ElecWhipmanPrefab (3)-AttackHitBox:10;C2ElecWhipmanPrefab (1)-LowAttackHitBox:10;Player-슈아2 감전 스택 폭발:10;C2ElecWhipmanPrefab (3)-LowAttackHitBox:10"
"C2_Boss_6","ResetDashCooltimeOnWeaponChange",218.86,216,0,2759.00,71.25,38.7236,0,0,0.00,0.00,NaN,0,0,0.00,0.00,NaN,0,0,0.00,0.00,NaN,14,4,372.50,4.65,80.1008,"{order:1,from:Spear,to:Spear};{order:2,from:Staff,to:Staff};{order:3,from:Spear,to:Spear};{order:4,from:Staff,to:Staff};{order:5,from:Spear,to:Spear};{order:6,from:Staff,to:Staff};{order:7,from:Spear,to:Spear};{order:8,from:Staff,to:Staff}",180.00,39,8,0,20,1,"C2Boss-Drillshot-Gun2:10;C2Boss-Jumpshot:30;C2Boss-Kickshot-Kick:80;C2Boss-Kickshot-Gun:10;C2Boss-Drillshot-Swing:40;C2Boss-Lineshot:10"
