SerialNumber,bb64b49c0a1612aad2f1ea2e843a748f3402dd9e
TotalPlayTime,1733.95
TotalDeathCount,0
TotalKilledEnemies,228
TotalClearedBosses,1

SegmentNumber,EquippedModules,PlayTime,Staff_AttackCount,Staff_SpecialAttackCount,Staff_TotalDamage,Staff_Time,Staff_DPS,Shotgun_AttackCount,Shotgun_SpecialAttackCount,Shotgun_TotalDamage,Shotgun_Time,Shotgun_DPS,Hammer_AttackCount,Hammer_SpecialAttackCount,Hammer_TotalDamage,Hammer_Time,Hammer_DPS,Sword_AttackCount,Sword_SpecialAttackCount,Sword_TotalDamage,Sword_Time,Sword_DPS,Spear_AttackCount,Spear_SpecialAttackCount,Spear_TotalDamage,Spear_Time,Spear_DPS,WeaponSwitches,DamageReceivedByEnemy,DashCount,SlideDashCount,JumpCount,DodgeCount,DeathCount,EnemyPatternHitLogs
"C1_Stage1_1","",81.15,110,0,0.00,32.20,0.0000,0,0,0.00,0.00,NaN,0,0,0.00,0.00,NaN,0,0,0.00,0.00,NaN,0,0,0.00,0.00,NaN,"",0.00,20,15,1,14,0,""
"C1_Stage2_1","",39.68,41,0,693.00,15.95,43.4481,0,0,0.00,0.00,NaN,0,0,0.00,0.00,NaN,0,0,0.00,0.00,NaN,0,0,0.00,0.00,NaN,"",0.00,20,4,13,3,0,""
"C1_Stage2_2","",71.53,23,0,171.88,13.25,12.9720,18,2,156.79,3.30,47.5149,0,0,0.00,0.00,NaN,0,0,0.00,0.00,NaN,0,0,0.00,0.00,NaN,"{order:1,from:Shotgun,to:Shotgun};{order:2,from:Staff,to:Staff};{order:3,from:Shotgun,to:Shotgun};{order:4,from:Staff,to:Staff};{order:5,from:Shotgun,to:Shotgun};{order:6,from:Staff,to:Staff};{order:7,from:Shotgun,to:Shotgun};{order:8,from:Staff,to:Staff};{order:9,from:Shotgun,to:Shotgun}",10.00,9,2,1,3,0,"Stranger (tutorial boss)-Rush Attack:10"
"C1_Stage2_3","",60.95,26,0,434.00,10.69,40.6100,15,3,624.00,9.55,65.3650,0,0,0.00,0.00,NaN,0,0,0.00,0.00,NaN,0,0,0.00,0.00,NaN,"{order:1,from:Staff,to:Staff};{order:2,from:Shotgun,to:Shotgun};{order:3,from:Staff,to:Staff};{order:4,from:Shotgun,to:Shotgun};{order:5,from:Staff,to:Staff}",0.00,17,6,5,5,0,""
"C1_Stage2_4","",13.00,13,0,257.00,5.57,46.1678,3,1,78.00,1.28,60.7738,0,0,0.00,0.00,NaN,0,0,0.00,0.00,NaN,0,0,0.00,0.00,NaN,"{order:1,from:Shotgun,to:Shotgun};{order:2,from:Staff,to:Staff}",0.00,7,4,3,5,0,""
"C1_Stage2_5","",39.62,37,0,424.60,11.82,35.9324,19,2,432.00,10.48,41.2080,0,0,0.00,0.00,NaN,0,0,0.00,0.00,NaN,0,0,0.00,0.00,NaN,"{order:1,from:Shotgun,to:Shotgun};{order:2,from:Staff,to:Staff};{order:3,from:Shotgun,to:Shotgun};{order:4,from:Staff,to:Staff};{order:5,from:Shotgun,to:Shotgun};{order:6,from:Staff,to:Staff};{order:7,from:Shotgun,to:Shotgun};{order:8,from:Staff,to:Staff};{order:9,from:Shotgun,to:Shotgun}",10.00,19,5,6,9,0,"Hinge-Hitbox:10"
"C1_Stage2_6","",56.08,72,0,962.40,25.72,37.4232,14,3,559.00,7.88,70.9094,0,0,0.00,0.00,NaN,0,0,0.00,0.00,NaN,0,0,0.00,0.00,NaN,"{order:1,from:Staff,to:Staff};{order:2,from:Shotgun,to:Shotgun};{order:3,from:Staff,to:Staff};{order:4,from:Shotgun,to:Shotgun};{order:5,from:Staff,to:Staff}",0.00,31,5,12,12,0,""
"C1_Stage2_7","",25.47,20,0,371.00,8.47,43.8201,5,1,63.00,1.72,36.6989,0,0,0.00,0.00,NaN,0,0,0.00,0.00,NaN,0,0,0.00,0.00,NaN,"{order:1,from:Shotgun,to:Shotgun};{order:2,from:Staff,to:Staff}",10.00,11,1,6,4,0,"C1PistolMob-AttackHitbox:10"
"C1_Stage2_8","",40.37,60,0,980.40,18.00,54.4567,4,1,173.00,1.36,126.8543,0,0,0.00,0.00,NaN,0,0,0.00,0.00,NaN,0,0,0.00,0.00,NaN,"{order:1,from:Shotgun,to:Shotgun};{order:2,from:Staff,to:Staff}",20.00,19,6,4,5,0,"C1TonpaMobPrefab-AttackHitbox:10;C1PistolMob-AttackHitbox:10"
"C1_Stage2_9","",33.79,12,0,170.00,7.63,22.2712,5,1,36.00,2.08,17.2797,0,0,0.00,0.00,NaN,0,0,0.00,0.00,NaN,0,0,0.00,0.00,NaN,"{order:1,from:Shotgun,to:Shotgun};{order:2,from:Staff,to:Staff}",10.00,8,0,3,1,0,"C1SandMecha-MeleeHitbox:10"
"C1_Stage3_1","",20.48,17,0,264.00,7.42,35.5963,5,1,63.00,1.48,42.4735,0,0,0.00,0.00,NaN,0,0,0.00,0.00,NaN,0,0,0.00,0.00,NaN,"{order:1,from:Shotgun,to:Shotgun};{order:2,from:Staff,to:Staff}",0.00,9,3,6,3,0,""
"C1_Stage3_2","",26.18,35,0,591.00,12.58,46.9663,7,2,236.00,2.35,100.4266,0,0,0.00,0.00,NaN,0,0,0.00,0.00,NaN,0,0,0.00,0.00,NaN,"{order:1,from:Shotgun,to:Shotgun};{order:2,from:Staff,to:Staff};{order:3,from:Shotgun,to:Shotgun};{order:4,from:Staff,to:Staff}",10.00,14,5,6,3,0,"C1GunnerMobPrefab (1)-RangedAttackHitbox:10"
"C1_Stage3_3","",26.62,36,0,534.80,13.81,38.7261,16,3,317.00,5.27,60.1112,0,0,0.00,0.00,NaN,0,0,0.00,0.00,NaN,0,0,0.00,0.00,NaN,"{order:1,from:Shotgun,to:Shotgun};{order:2,from:Staff,to:Staff};{order:3,from:Shotgun,to:Shotgun};{order:4,from:Staff,to:Staff};{order:5,from:Shotgun,to:Shotgun};{order:6,from:Staff,to:Staff}",0.00,16,2,3,4,0,""
"C1_Stage3_4","",44.48,0,0,0.00,0.45,0.0000,0,0,0.00,0.00,NaN,0,0,0.00,0.00,NaN,0,0,0.00,0.00,NaN,0,0,0.00,0.00,NaN,"",0.00,1,0,2,0,0,""
"C1_Stage3_5","",6.50,0,0,0.00,0.45,0.0000,0,0,0.00,0.00,NaN,0,0,0.00,0.00,NaN,0,0,0.00,0.00,NaN,0,0,0.00,0.00,NaN,"",0.00,1,0,3,0,0,""
"C1_Stage3_6","",50.73,55,1,1141.10,25.03,45.5975,26,6,459.00,9.16,50.1230,0,0,0.00,0.00,NaN,0,0,0.00,0.00,NaN,0,0,0.00,0.00,NaN,"{order:1,from:Shotgun,to:Shotgun};{order:2,from:Staff,to:Staff};{order:3,from:Shotgun,to:Shotgun};{order:4,from:Staff,to:Staff};{order:5,from:Shotgun,to:Shotgun};{order:6,from:Staff,to:Staff};{order:7,from:Shotgun,to:Shotgun};{order:8,from:Staff,to:Staff};{order:9,from:Shotgun,to:Shotgun};{order:10,from:Staff,to:Staff};{order:11,from:Shotgun,to:Shotgun};{order:12,from:Staff,to:Staff}",10.00,23,5,1,8,0,"C1PistolMob (5)-AttackHitbox:10"
"C1_Stage3_7","",40.27,21,0,389.60,10.43,37.3427,5,1,171.00,1.53,111.5312,0,0,0.00,0.00,NaN,0,0,0.00,0.00,NaN,0,0,0.00,0.00,NaN,"{order:1,from:Shotgun,to:Shotgun};{order:2,from:Staff,to:Staff}",0.00,12,3,14,2,0,""
"C1_Stage3_8","",98.13,95,0,0.00,26.90,0.0000,0,0,0.00,0.00,NaN,0,0,0.00,0.00,NaN,0,0,0.00,0.00,NaN,0,0,0.00,0.00,NaN,"",20.00,18,11,1,13,0,"C1MidBoss-TangTang 1:10;C1MidBoss-KickKick 1:10"
"C1_Boss_1","",38.70,7,0,120.00,5.05,23.7633,0,0,0.00,0.00,NaN,0,0,0.00,0.00,NaN,0,0,0.00,0.00,NaN,0,0,0.00,0.00,NaN,"",0.00,10,0,12,1,0,""
"C1_Boss_2","",57.68,53,1,725.40,22.93,31.6288,27,4,809.00,10.41,77.6798,0,0,0.00,0.00,NaN,0,0,0.00,0.00,NaN,0,0,0.00,0.00,NaN,"{order:1,from:Shotgun,to:Shotgun};{order:2,from:Staff,to:Staff};{order:3,from:Shotgun,to:Shotgun};{order:4,from:Staff,to:Staff};{order:5,from:Shotgun,to:Shotgun};{order:6,from:Staff,to:Staff};{order:7,from:Shotgun,to:Shotgun};{order:8,from:Staff,to:Staff};{order:9,from:Shotgun,to:Shotgun};{order:10,from:Staff,to:Staff};{order:11,from:Shotgun,to:Shotgun};{order:12,from:Staff,to:Staff}",20.00,26,2,4,5,0,"C1SandMecha (1)-MeleeHitbox:10;C1GunnerMobPrefab-RangedAttackHitbox:10"
"C1_Boss_3","",151.85,65,0,668.20,18.88,35.3858,14,3,384.00,7.65,50.1959,0,0,0.00,0.00,NaN,0,0,0.00,0.00,NaN,0,0,0.00,0.00,NaN,"{order:1,from:Shotgun,to:Shotgun};{order:2,from:Staff,to:Staff};{order:3,from:Shotgun,to:Shotgun};{order:4,from:Staff,to:Staff};{order:5,from:Shotgun,to:Shotgun};{order:6,from:Staff,to:Staff};{order:7,from:Shotgun,to:Shotgun}",10.00,18,2,8,4,0,"C1SandMecha-DashAttackHitbox:10"
"C1_Boss_4","",80.85,75,0,1028.00,22.32,46.0643,5,1,171.50,1.45,118.2798,0,0,0.00,0.00,NaN,0,0,0.00,0.00,NaN,0,0,0.00,0.00,NaN,"{order:1,from:Staff,to:Staff};{order:2,from:Shotgun,to:Shotgun};{order:3,from:Staff,to:Staff}",10.00,21,4,9,8,0,"FallDamageArea-:10"
"C1_Boss_5","",0.75,0,0,0.00,0.00,NaN,0,0,0.00,0.00,NaN,0,0,0.00,0.00,NaN,0,0,0.00,0.00,NaN,0,0,0.00,0.00,NaN,"",0.00,0,0,1,0,0,""
"C1_Boss_6","",105.57,33,1,685.60,13.52,50.7228,6,2,130.50,3.07,42.5546,0,0,0.00,0.00,NaN,0,0,0.00,0.00,NaN,0,0,0.00,0.00,NaN,"{order:1,from:Shotgun,to:Shotgun};{order:2,from:Staff,to:Staff};{order:3,from:Shotgun,to:Shotgun};{order:4,from:Staff,to:Staff}",10.00,10,1,9,2,0,"C1TonpaMobPrefab (8)-AttackHitbox:10"
"C1_Boss_7","",17.77,19,0,376.30,7.68,48.9792,4,2,408.00,2.03,200.6686,0,0,0.00,0.00,NaN,0,0,0.00,0.00,NaN,0,0,0.00,0.00,NaN,"{order:1,from:Shotgun,to:Shotgun};{order:2,from:Staff,to:Staff}",0.00,7,1,5,2,0,""
"C1_Boss_8","",195.12,104,0,1260.00,36.63,34.3949,35,5,297.50,17.18,17.3133,0,0,0.00,0.00,NaN,0,0,0.00,0.00,NaN,0,0,0.00,0.00,NaN,"{order:1,from:Shotgun,to:Shotgun};{order:2,from:Staff,to:Staff};{order:3,from:Shotgun,to:Shotgun};{order:4,from:Staff,to:Staff};{order:5,from:Shotgun,to:Shotgun};{order:6,from:Staff,to:Staff};{order:7,from:Shotgun,to:Shotgun};{order:8,from:Staff,to:Staff};{order:9,from:Shotgun,to:Shotgun};{order:10,from:Staff,to:Staff};{order:11,from:Shotgun,to:Shotgun};{order:12,from:Staff,to:Staff};{order:13,from:Shotgun,to:Shotgun};{order:14,from:Staff,to:Staff}",0.00,33,10,1,8,0,""
