SerialNumber,4a7b163b9955e3a6203028b99bceb97cf4a5e6b0
TotalPlayTime,1440.32
TotalDeathCount,0
TotalKilledEnemies,28
TotalClearedBosses,1

SegmentNumber,EquippedModules,PlayTime,Staff_AttackCount,Staff_SpecialAttackCount,Staff_TotalDamage,Staff_Time,Staff_DPS,Shotgun_AttackCount,Shotgun_SpecialAttackCount,Shotgun_TotalDamage,Shotgun_Time,Shotgun_DPS,Hammer_AttackCount,Hammer_SpecialAttackCount,Hammer_TotalDamage,Hammer_Time,Hammer_DPS,Sword_AttackCount,Sword_SpecialAttackCount,Sword_TotalDamage,Sword_Time,Sword_DPS,Spear_AttackCount,Spear_SpecialAttackCount,Spear_TotalDamage,Spear_Time,Spear_DPS,WeaponSwitches,DamageReceivedByEnemy,DashCount,SlideDashCount,JumpCount,DodgeCount,DeathCount,EnemyPatternHitLogs
"C1_Stage2_1","",15.63,16,0,286.00,6.00,47.6662,0,0,0.00,0.00,NaN,0,0,0.00,0.00,NaN,0,0,0.00,0.00,NaN,0,0,0.00,0.00,NaN,"",10.00,7,0,0,3,0,"C1TonpaMobPrefab (1)-AttackHitbox:10"
"C1_Stage2_2","",105.81,24,0,394.00,7.57,52.0706,0,0,0.00,0.00,NaN,0,0,0.00,0.00,NaN,0,0,0.00,0.00,NaN,0,0,0.00,0.00,NaN,"",0.00,6,4,0,3,0,""
"C1_Stage2_3","",4.47,0,0,0.00,0.00,NaN,0,0,0.00,0.00,NaN,0,0,0.00,0.00,NaN,0,0,0.00,0.00,NaN,0,0,0.00,0.00,NaN,"",0.00,0,0,0,0,0,""
"C1_Stage3_1","",150.23,92,0,0.00,30.08,0.0000,0,0,0.00,0.00,NaN,0,0,0.00,0.00,NaN,0,0,0.00,0.00,NaN,0,0,0.00,0.00,NaN,"",50.00,21,9,0,12,0,"C1MidBoss-RushKick:10;C1MidBoss-KickKick 1:20;C1MidBoss-KickKick 2:20"
"C1_Boss_1","ReduceDashCooltime",13.10,0,0,0.00,2.25,0.0000,0,0,0.00,0.00,NaN,0,0,0.00,0.00,NaN,0,0,0.00,0.00,NaN,0,0,0.00,0.00,NaN,"",0.00,5,0,0,0,0,""
"C1_Boss_2","ReduceDashCooltime",530.96,69,0,749.60,28.32,26.4720,45,5,607.00,28.58,21.2364,0,0,0.00,0.00,NaN,0,0,0.00,0.00,NaN,0,0,0.00,0.00,NaN,"{order:1,from:Shotgun,to:Shotgun};{order:2,from:Staff,to:Staff};{order:3,from:Shotgun,to:Shotgun};{order:4,from:Staff,to:Staff};{order:5,from:Shotgun,to:Shotgun};{order:6,from:Staff,to:Staff};{order:7,from:Shotgun,to:Shotgun};{order:8,from:Staff,to:Staff};{order:9,from:Shotgun,to:Shotgun};{order:10,from:Staff,to:Staff};{order:11,from:Shotgun,to:Shotgun};{order:12,from:Staff,to:Staff};{order:13,from:Shotgun,to:Shotgun};{order:14,from:Staff,to:Staff};{order:15,from:Shotgun,to:Shotgun};{order:16,from:Staff,to:Staff};{order:17,from:Shotgun,to:Shotgun};{order:18,from:Staff,to:Staff}",60.00,44,8,0,20,0,"C1Boss-FlameThrowerMainHitbox:10;C1Boss-FlameThrowerStartHitbox:10;C1TonpaMobPrefab(Clone)-AttackHitbox:30;C1Boss-MeleeAttack1Hitbox:10"
