SerialNumber,9d83e7a2726d30f13f713d5a8d5b1b9107a13e71
TotalPlayTime,3676.80
TotalDeathCount,3
TotalKilledEnemies,317
TotalClearedBosses,2

SegmentNumber,EquippedModules,PlayTime,Staff_AttackCount,Staff_SpecialAttackCount,Staff_TotalDamage,Staff_Time,Staff_DPS,Shotgun_AttackCount,Shotgun_SpecialAttackCount,Shotgun_TotalDamage,Shotgun_Time,Shotgun_DPS,Hammer_AttackCount,Hammer_SpecialAttackCount,Hammer_TotalDamage,Hammer_Time,Hammer_DPS,Sword_AttackCount,Sword_SpecialAttackCount,Sword_TotalDamage,Sword_Time,Sword_DPS,Spear_AttackCount,Spear_SpecialAttackCount,Spear_TotalDamage,Spear_Time,Spear_DPS,WeaponSwitches,DamageReceivedByEnemy,DashCount,SlideDashCount,JumpCount,DodgeCount,DeathCount,EnemyPatternHitLogs
"C1_Stage1_1","",104.69,98,0,0.00,32.47,0.0000,0,0,0.00,0.00,NaN,0,0,0.00,0.00,NaN,0,0,0.00,0.00,NaN,0,0,0.00,0.00,NaN,"",20.00,29,27,0,11,0,"C1MidBoss-TangTang 1:10;C1MidBoss-RushKick:10"
"C1_Stage2_1","",52.40,41,0,688.00,13.28,51.7941,0,0,0.00,0.00,NaN,0,0,0.00,0.00,NaN,0,0,0.00,0.00,NaN,0,0,0.00,0.00,NaN,"",0.00,11,10,0,6,0,""
"C1_Stage2_2","",121.59,25,2,308.80,11.47,26.9301,20,0,2.10,14.33,0.1465,0,0,0.00,0.00,NaN,0,0,0.00,0.00,NaN,0,0,0.00,0.00,NaN,"{order:1,from:Shotgun,to:Shotgun};{order:2,from:Staff,to:Staff};{order:3,from:Shotgun,to:Shotgun};{order:4,from:Staff,to:Staff};{order:5,from:Shotgun,to:Shotgun};{order:6,from:Staff,to:Staff}",20.00,9,7,0,2,0,"C1EliteTonpaMobForDashTutorial-Rush Attack:20"
"C1_Stage2_3","",76.11,58,1,768.70,23.07,33.3248,11,2,214.00,3.00,71.3333,0,0,0.00,0.00,NaN,0,0,0.00,0.00,NaN,0,0,0.00,0.00,NaN,"{order:1,from:Shotgun,to:Shotgun};{order:2,from:Staff,to:Staff};{order:3,from:Shotgun,to:Shotgun};{order:4,from:Staff,to:Staff};{order:5,from:Shotgun,to:Shotgun};{order:6,from:Staff,to:Staff}",10.00,12,10,1,5,0,"C1PistolMobForDashTutorial-AttackHitbox:10"
"C1_Stage2_4","",17.88,15,1,336.30,5.80,57.9835,2,0,3.00,0.95,3.1579,0,0,0.00,0.00,NaN,0,0,0.00,0.00,NaN,0,0,0.00,0.00,NaN,"{order:1,from:Shotgun,to:Shotgun};{order:2,from:Staff,to:Staff}",0.00,5,3,2,2,0,""
"C1_Stage2_5","",45.50,37,0,779.00,12.68,61.4191,4,2,6.00,2.30,2.6086,0,0,0.00,0.00,NaN,0,0,0.00,0.00,NaN,0,0,0.00,0.00,NaN,"{order:1,from:Shotgun,to:Shotgun};{order:2,from:Staff,to:Staff};{order:3,from:Shotgun,to:Shotgun};{order:4,from:Staff,to:Staff}",20.00,9,9,7,7,0,"C1PistolMobForDashTutorial-AttackHitbox:10;Hinge-Hitbox:10"
"C1_Stage2_6","",65.50,64,3,1237.10,22.10,55.9776,9,0,219.00,3.35,65.3724,0,0,0.00,0.00,NaN,0,0,0.00,0.00,NaN,0,0,0.00,0.00,NaN,"{order:1,from:Shotgun,to:Shotgun};{order:2,from:Staff,to:Staff};{order:3,from:Shotgun,to:Shotgun};{order:4,from:Staff,to:Staff};{order:5,from:Shotgun,to:Shotgun};{order:6,from:Staff,to:Staff}",20.00,21,18,7,12,0,"C1TonpaMobPrefab (18)-AttackHitbox:10;Hinge-Hitbox:10"
"C1_Stage2_7","",29.00,20,0,429.40,7.10,60.4796,2,1,3.00,0.97,3.1034,0,0,0.00,0.00,NaN,0,0,0.00,0.00,NaN,0,0,0.00,0.00,NaN,"{order:1,from:Shotgun,to:Shotgun};{order:2,from:Staff,to:Staff}",20.00,5,4,3,4,0,"Hinge-Hitbox:20"
"C1_Stage2_8","",54.62,55,1,1031.70,15.05,68.5518,8,0,93.00,6.17,15.0810,0,0,0.00,0.00,NaN,0,0,0.00,0.00,NaN,0,0,0.00,0.00,NaN,"{order:1,from:Shotgun,to:Shotgun};{order:2,from:Staff,to:Staff};{order:3,from:Shotgun,to:Shotgun};{order:4,from:Staff,to:Staff}",30.00,11,11,0,7,0,"C1GunnerMobPrefab-RangedAttackHitbox:10;C1TonpaMobPrefab-AttackHitbox:10;C1TonpaMobPrefab (5)-AttackHitbox:10"
"C1_Stage2_9","",32.32,14,1,204.00,5.25,38.8567,4,0,6.00,1.83,3.2728,0,0,0.00,0.00,NaN,0,0,0.00,0.00,NaN,0,0,0.00,0.00,NaN,"{order:1,from:Shotgun,to:Shotgun};{order:2,from:Staff,to:Staff}",0.00,3,2,0,1,0,""
"C1_Stage3_1","",24.80,15,1,305.30,7.03,43.4080,2,0,3.00,0.80,3.7501,0,0,0.00,0.00,NaN,0,0,0.00,0.00,NaN,0,0,0.00,0.00,NaN,"{order:1,from:Shotgun,to:Shotgun};{order:2,from:Staff,to:Staff};{order:3,from:Shotgun,to:Shotgun};{order:4,from:Staff,to:Staff}",0.00,6,1,4,1,0,""
"C1_Stage3_2","",60.38,40,1,758.00,16.78,45.1637,6,1,21.00,1.02,20.6558,0,0,0.00,0.00,NaN,0,0,0.00,0.00,NaN,0,0,0.00,0.00,NaN,"{order:1,from:Shotgun,to:Shotgun};{order:2,from:Staff,to:Staff};{order:3,from:Shotgun,to:Shotgun};{order:4,from:Staff,to:Staff}",60.00,14,11,5,5,0,"FallDamageArea (1)-:40;C1GunnerMobPrefab (3)-RangedAttackHitbox:10;C1EliteTonpaMob-Rush Attack:10"
"C1_Stage3_3","",32.45,35,0,732.70,12.90,56.7992,7,2,132.00,2.82,46.8682,0,0,0.00,0.00,NaN,0,0,0.00,0.00,NaN,0,0,0.00,0.00,NaN,"{order:1,from:Shotgun,to:Shotgun};{order:2,from:Staff,to:Staff};{order:3,from:Shotgun,to:Shotgun};{order:4,from:Staff,to:Staff}",20.00,10,7,1,4,0,"C1EliteTonpaMob-Rush Attack:10;C1GrenadierExplosionPrefab(Clone)-C1GrenadierExplosionPrefab(Clone):10"
"C1_Stage3_4","",50.14,0,0,0.00,0.45,0.0000,0,0,0.00,0.00,NaN,0,0,0.00,0.00,NaN,0,0,0.00,0.00,NaN,0,0,0.00,0.00,NaN,"",0.00,1,0,0,0,0,""
"C1_Stage3_5","",9.11,0,0,0.00,0.90,0.0000,0,0,0.00,0.00,NaN,0,0,0.00,0.00,NaN,0,0,0.00,0.00,NaN,0,0,0.00,0.00,NaN,"",0.00,2,0,2,0,0,""
"C1_Stage3_6","",69.32,65,3,1413.00,23.87,59.2029,13,1,76.00,3.98,19.0792,0,0,0.00,0.00,NaN,0,0,0.00,0.00,NaN,0,0,0.00,0.00,NaN,"{order:1,from:Shotgun,to:Shotgun};{order:2,from:Staff,to:Staff};{order:3,from:Shotgun,to:Shotgun};{order:4,from:Staff,to:Staff};{order:5,from:Shotgun,to:Shotgun};{order:6,from:Staff,to:Staff};{order:7,from:Shotgun,to:Shotgun};{order:8,from:Staff,to:Staff}",30.00,17,14,1,5,0,"C1SandMecha-MeleeHitbox:10;C1GunnerMobPrefab-RangedAttackHitbox:10;C1PistolMob (5)-AttackHitbox:10"
"C1_Stage3_7","",50.43,20,2,427.30,10.43,40.9543,10,0,159.00,7.22,22.0323,0,0,0.00,0.00,NaN,0,0,0.00,0.00,NaN,0,0,0.00,0.00,NaN,"{order:1,from:Shotgun,to:Shotgun};{order:2,from:Staff,to:Staff};{order:3,from:Shotgun,to:Shotgun};{order:4,from:Staff,to:Staff};{order:5,from:Shotgun,to:Shotgun};{order:6,from:Staff,to:Staff}",10.00,12,3,2,1,0,"C1EliteTonpaMob (1)-Rush Attack:10"
"C1_Stage3_8","",151.70,98,0,0.00,30.45,0.0000,0,0,0.00,0.00,NaN,0,0,0.00,0.00,NaN,0,0,0.00,0.00,NaN,0,0,0.00,0.00,NaN,"",30.00,21,21,0,12,0,"C1MidBoss-TangTang 1:10;C1MidBoss-KickKick 2:10;C1MidBoss-Room Center TangTang 1:10"
"C1_Boss_1","ReduceDashCooltime",44.33,14,0,120.00,7.93,15.1260,0,0,0.00,0.00,NaN,0,0,0.00,0.00,NaN,0,0,0.00,0.00,NaN,0,0,0.00,0.00,NaN,"",10.00,7,0,0,0,0,"C1TonpaMobPrefab A-AttackHitbox:10"
"C1_Boss_2","ReduceDashCooltime",77.83,92,0,1222.70,32.63,37.4679,14,4,205.50,4.67,44.0350,0,0,0.00,0.00,NaN,0,0,0.00,0.00,NaN,0,0,0.00,0.00,NaN,"{order:1,from:Shotgun,to:Shotgun};{order:2,from:Staff,to:Staff};{order:3,from:Shotgun,to:Shotgun};{order:4,from:Staff,to:Staff};{order:5,from:Shotgun,to:Shotgun};{order:6,from:Staff,to:Staff};{order:7,from:Shotgun,to:Shotgun};{order:8,from:Staff,to:Staff};{order:9,from:Shotgun,to:Shotgun};{order:10,from:Staff,to:Staff}",50.00,18,13,0,6,0,"C1EliteTonpaMob-Attack:20;C1GunnerMobPrefab (1)-RangedAttackHitbox:10;C1SandMecha (1)-MeleeHitbox:10;C1EliteTonpaMob-Rush Attack:10"
"C1_Boss_3","ReduceDashCooltime",80.36,67,2,989.30,25.48,38.8219,8,1,127.50,4.17,30.5994,0,0,0.00,0.00,NaN,0,0,0.00,0.00,NaN,0,0,0.00,0.00,NaN,"{order:1,from:Shotgun,to:Shotgun};{order:2,from:Shotgun,to:Shotgun};{order:3,from:Staff,to:Staff};{order:4,from:Shotgun,to:Shotgun};{order:5,from:Staff,to:Staff};{order:6,from:Shotgun,to:Shotgun};{order:7,from:Staff,to:Staff}",60.00,22,16,1,5,1,"C1SandMecha-DashAttackHitbox:20;C1SandMecha-MeleeHitbox:20;C1EliteTonpaMob-Attack:10;C1EliteTonpaMob (2)-Rush Attack:10"
"C1_Boss_4","ReduceDashCooltime",99.52,65,1,1012.70,24.20,41.8472,9,0,153.00,2.32,66.0402,0,0,0.00,0.00,NaN,0,0,0.00,0.00,NaN,0,0,0.00,0.00,NaN,"{order:1,from:Shotgun,to:Shotgun};{order:2,from:Staff,to:Staff};{order:3,from:Shotgun,to:Shotgun};{order:4,from:Staff,to:Staff}",80.00,21,11,3,6,0,"C1PistolMob (2)-AttackHitbox:10;FallDamageArea-:20;C1TonpaMobPrefab (2)-AttackHitbox:10;C1GunnerMobPrefab (2)-RangedAttackHitbox:10;C1PistolMob (3)-AttackHitbox:10;C1EliteTonpaMob-Rush Attack:10;C1GunnerMobPrefab (3)-RangedAttackHitbox:10"
"C1_Boss_5","ReduceDashCooltime",3.83,4,0,0.00,1.53,0.0000,0,0,0.00,0.00,NaN,0,0,0.00,0.00,NaN,0,0,0.00,0.00,NaN,0,0,0.00,0.00,NaN,"",0.00,0,0,0,0,0,""
"C1_Boss_6","ReduceDashCooltime",19.57,15,0,357.60,6.58,54.3166,1,1,1.50,0.30,4.9992,0,0,0.00,0.00,NaN,0,0,0.00,0.00,NaN,0,0,0.00,0.00,NaN,"{order:1,from:Shotgun,to:Shotgun};{order:2,from:Staff,to:Staff}",0.00,5,2,0,1,0,""
"C1_Boss_7","ReduceDashCooltime",323.56,108,5,1482.10,42.72,34.6966,23,0,70.50,8.90,7.9214,0,0,0.00,0.00,NaN,0,0,0.00,0.00,NaN,0,0,0.00,0.00,NaN,"{order:1,from:Shotgun,to:Shotgun};{order:2,from:Staff,to:Staff};{order:3,from:Shotgun,to:Shotgun};{order:4,from:Staff,to:Staff};{order:5,from:Shotgun,to:Shotgun};{order:6,from:Staff,to:Staff};{order:7,from:Shotgun,to:Shotgun};{order:8,from:Staff,to:Staff};{order:9,from:Shotgun,to:Shotgun};{order:10,from:Staff,to:Staff};{order:11,from:Shotgun,to:Shotgun};{order:12,from:Staff,to:Staff};{order:13,from:Shotgun,to:Shotgun};{order:14,from:Staff,to:Staff};{order:15,from:Shotgun,to:Shotgun};{order:16,from:Staff,to:Staff}",30.00,42,32,0,15,0,"C1Boss-CounterAttackHitbox:20;C1CannonExplode(Clone)-C1CannonExplode(Clone):10"
"C2_Stage2_1","StrongerFeverTime",18.08,35,0,327.00,8.57,38.1724,0,0,0.00,0.00,NaN,0,0,0.00,0.00,NaN,0,0,0.00,0.00,NaN,0,0,0.00,0.00,NaN,"",0.00,4,3,0,2,0,""
"C2_Stage2_2","StrongerFeverTime",14.68,14,0,160.00,4.32,37.0658,0,0,0.00,0.00,NaN,0,0,0.00,0.00,NaN,0,0,0.00,0.00,NaN,0,0,0.00,0.00,NaN,"",0.00,4,2,0,2,0,""
"C2_Stage2_3","StrongerFeverTime",136.38,27,0,279.00,9.05,30.8319,0,0,0.00,0.00,NaN,0,0,0.00,0.00,NaN,0,0,0.00,0.00,NaN,13,0,87.50,11.32,7.7318,"{order:1,from:Spear,to:Spear};{order:2,from:Staff,to:Staff}",0.00,21,11,0,8,0,""
"C2_Stage2_4","StrongerFeverTime",4.58,0,0,0.00,0.00,NaN,0,0,0.00,0.00,NaN,0,0,0.00,0.00,NaN,0,0,0.00,0.00,NaN,0,0,0.00,0.42,0.0000,"{order:1,from:Spear,to:Spear};{order:2,from:Staff,to:Staff}",0.00,0,0,0,0,0,""
"C2_Stage2_5","StrongerFeverTime",29.78,22,0,383.00,9.98,38.3656,0,0,0.00,0.00,NaN,0,0,0.00,0.00,NaN,0,0,0.00,0.00,NaN,8,2,115.00,4.53,25.3684,"{order:1,from:Spear,to:Spear};{order:2,from:Staff,to:Staff};{order:3,from:Spear,to:Spear};{order:4,from:Staff,to:Staff}",10.00,14,6,0,7,0,"C2ElecWhipmanPrefabForDashTutorial-LowAttackHitBox:10"
"C2_Stage2_6","StrongerFeverTime",51.40,25,0,540.00,7.70,70.1259,0,0,0.00,0.00,NaN,0,0,0.00,0.00,NaN,0,0,0.00,0.00,NaN,13,1,257.50,8.02,32.1189,"{order:1,from:Spear,to:Spear};{order:2,from:Staff,to:Staff};{order:3,from:Spear,to:Spear};{order:4,from:Staff,to:Staff}",60.00,18,14,0,4,0,"C2ElecWhipmanPrefab-LowAttackHitBox:30;C2EliteMobPrefab-RushAttackHitBox:20;Player-슈아2 감전 스택 폭발:10"
"C2_Stage2_7","StrongerFeverTime",39.77,41,0,564.00,10.78,52.3024,0,0,0.00,0.00,NaN,0,0,0.00,0.00,NaN,0,0,0.00,0.00,NaN,6,2,205.00,4.83,42.4167,"{order:1,from:Spear,to:Spear};{order:2,from:Staff,to:Staff};{order:3,from:Spear,to:Spear};{order:4,from:Staff,to:Staff}",20.00,12,8,0,5,0,"C2ElecWhipmanPrefab (1)-LowAttackHitBox:10;Crosshair-hitbox:10"
"C2_Stage2_8","StrongerFeverTime",57.32,57,0,875.00,15.15,57.7543,0,0,0.00,0.00,NaN,0,0,0.00,0.00,NaN,0,0,0.00,0.00,NaN,11,3,252.50,9.50,26.5790,"{order:1,from:Spear,to:Spear};{order:2,from:Staff,to:Staff};{order:3,from:Spear,to:Spear};{order:4,from:Staff,to:Staff};{order:5,from:Spear,to:Spear};{order:6,from:Staff,to:Staff};{order:7,from:Spear,to:Spear};{order:8,from:Staff,to:Staff}",40.00,17,14,0,3,0,"C2ElecWhipmanPrefab-AttackHitBox:10;Crosshair-hitbox:20;C2GunnerMobPrefab-RangedAttackHitbox:10"
"C2_Stage2_9","StrongerFeverTime",47.47,31,1,943.00,9.38,100.4951,0,0,0.00,0.00,NaN,0,0,0.00,0.00,NaN,0,0,0.00,0.00,NaN,6,2,70.00,4.05,17.2848,"{order:1,from:Spear,to:Spear};{order:2,from:Staff,to:Staff};{order:3,from:Spear,to:Spear};{order:4,from:Staff,to:Staff};{order:5,from:Spear,to:Spear};{order:6,from:Staff,to:Staff}",20.00,7,4,0,3,0,"C2ElecWhipmanPrefab-AttackHitBox:10;C2EliteMobPrefab (1)-RushAttackHitBox:10"
"C2_Stage2_10","StrongerFeverTime",19.85,25,0,502.50,7.13,70.4418,0,0,0.00,0.00,NaN,0,0,0.00,0.00,NaN,0,0,0.00,0.00,NaN,2,1,10.00,0.85,11.7634,"{order:1,from:Spear,to:Spear};{order:2,from:Staff,to:Staff}",10.00,6,5,2,2,0,"C2ElecWhipmanPrefab-LowAttackHitBox:10"
"C2_Stage2_11","StrongerFeverTime",48.35,50,0,1147.00,14.77,77.6727,0,0,0.00,0.00,NaN,0,0,0.00,0.00,NaN,0,0,0.00,0.00,NaN,9,3,120.00,4.82,24.9123,"{order:1,from:Spear,to:Spear};{order:2,from:Staff,to:Staff};{order:3,from:Spear,to:Spear};{order:4,from:Staff,to:Staff};{order:5,from:Spear,to:Spear};{order:6,from:Staff,to:Staff};{order:7,from:Spear,to:Spear};{order:8,from:Staff,to:Staff}",10.00,12,8,4,4,0,"C2EliteMobPrefab-RushAttackHitBox:10"
"C2_Stage2_12","StrongerFeverTime",341.99,94,4,0.00,45.68,0.0000,56,0,0.00,24.78,0.0000,0,0,0.00,0.00,NaN,0,0,0.00,0.00,NaN,11,1,0.00,6.08,0.0000,"{order:1,from:Shotgun,to:Shotgun};{order:2,from:Staff,to:Staff};{order:3,from:Shotgun,to:Shotgun};{order:4,from:Staff,to:Staff};{order:5,from:Shotgun,to:Shotgun};{order:6,from:Staff,to:Staff};{order:7,from:Shotgun,to:Shotgun};{order:8,from:Staff,to:Staff};{order:9,from:Shotgun,to:Shotgun};{order:10,from:Staff,to:Staff};{order:11,from:Shotgun,to:Shotgun};{order:12,from:Staff,to:Staff};{order:13,from:Shotgun,to:Shotgun};{order:14,from:Staff,to:Staff};{order:15,from:Spear,to:Spear};{order:16,from:Staff,to:Staff};{order:17,from:Shotgun,to:Shotgun};{order:18,from:Staff,to:Staff};{order:19,from:Shotgun,to:Shotgun};{order:20,from:Staff,to:Staff};{order:21,from:Shotgun,to:Shotgun};{order:22,from:Staff,to:Staff};{order:23,from:Spear,to:Spear};{order:24,from:Staff,to:Staff}",180.00,57,44,2,21,0,"C2MidBoss Tanker-Ground Slam:70;C2MidBoss Tanker-Melee:20;C2MidBoss Sniper-Crosshair:30;C2MidBoss Tanker-Electric Rush:30;C2MidBoss Tanker-Rush:30"
"C2_Boss_1","StrongerFeverTime",78.30,30,0,521.80,11.40,45.7743,16,2,24.00,11.13,2.1556,0,0,0.00,0.00,NaN,0,0,0.00,0.00,NaN,7,1,116.50,3.07,37.9924,"{order:1,from:Spear,to:Spear};{order:2,from:Staff,to:Staff};{order:3,from:Shotgun,to:Shotgun};{order:4,from:Staff,to:Staff};{order:5,from:Spear,to:Spear};{order:6,from:Staff,to:Staff};{order:7,from:Shotgun,to:Shotgun};{order:8,from:Staff,to:Staff}",50.00,15,11,0,5,0,"C2GunnerMobPrefab-RangedAttackHitbox:10;C2TonpaManPrefab-MeleeAttackHitbox:10;C2ShieldMobPrefab-ShieldAttackHitbox:10;C2EliteMobPrefab (2)-JumpAttackHitBox:10;C2EliteMobPrefab (2)-RushAttackHitBox:10"
"C2_Boss_2","StrongerFeverTime",118.48,64,2,1262.30,20.77,60.7844,21,3,218.50,12.23,17.8613,0,0,0.00,0.00,NaN,0,0,0.00,0.00,NaN,17,4,430.00,10.98,39.1500,"{order:1,from:Shotgun,to:Shotgun};{order:2,from:Staff,to:Staff};{order:3,from:Spear,to:Spear};{order:4,from:Staff,to:Staff};{order:5,from:Shotgun,to:Shotgun};{order:6,from:Staff,to:Staff};{order:7,from:Spear,to:Spear};{order:8,from:Staff,to:Staff};{order:9,from:Shotgun,to:Shotgun};{order:10,from:Staff,to:Staff};{order:11,from:Shotgun,to:Shotgun};{order:12,from:Staff,to:Staff};{order:13,from:Spear,to:Spear};{order:14,from:Staff,to:Staff};{order:15,from:Spear,to:Spear}",20.00,26,21,3,11,0,"C2ShieldMobPrefab (2)-ShieldAttackHitbox:10;C2ShieldMobPrefab (3)-ShieldAttackHitbox:10"
"C2_Boss_3","StrongerFeverTime",29.23,8,1,360.00,3.88,92.7105,3,0,19.50,1.00,19.5000,0,0,0.00,0.00,NaN,0,0,0.00,0.00,NaN,3,1,20.00,2.23,8.9559,"{order:1,from:Staff,to:Staff};{order:2,from:Spear,to:Spear};{order:3,from:Staff,to:Staff};{order:4,from:Spear,to:Spear};{order:5,from:Staff,to:Staff};{order:6,from:Shotgun,to:Shotgun};{order:7,from:Staff,to:Staff}",0.00,3,3,0,1,0,""
"C2_Boss_4","StrongerFeverTime",28.57,1,0,0.00,1.82,0.0000,0,0,0.00,0.00,NaN,0,0,0.00,0.00,NaN,0,0,0.00,0.00,NaN,0,0,0.00,0.00,NaN,"{order:1,from:Spear,to:Spear};{order:2,from:Staff,to:Staff}",0.00,3,0,3,0,0,""
"C2_Boss_5","StrongerFeverTime",18.92,15,0,661.00,4.97,133.0968,0,0,0.00,0.00,NaN,0,0,0.00,0.00,NaN,0,0,0.00,0.00,NaN,4,1,22.50,1.12,20.1531,"{order:1,from:Spear,to:Spear};{order:2,from:Staff,to:Staff}",20.00,3,0,0,1,0,"C2ElecWhipmanPrefab (1)-LowAttackHitBox:10;C2EliteMobPrefab-RushAttackHitBox:10"
"C2_Boss_6","StrongerFeverTime",327.25,212,1,2625.00,74.36,35.3030,0,0,0.00,0.00,NaN,0,0,0.00,0.00,NaN,0,0,0.00,0.00,NaN,24,4,512.50,11.80,43.4329,"{order:1,from:Spear,to:Spear};{order:2,from:Staff,to:Staff};{order:3,from:Spear,to:Spear};{order:4,from:Staff,to:Staff};{order:5,from:Spear,to:Spear};{order:6,from:Staff,to:Staff};{order:7,from:Spear,to:Spear};{order:8,from:Staff,to:Staff};{order:9,from:Spear,to:Spear};{order:10,from:Staff,to:Staff};{order:11,from:Spear,to:Spear};{order:12,from:Staff,to:Staff}",240.00,93,84,1,27,2,"C2Boss-Drillshot-Swing:40;C2Boss-Kickshot-Gun:30;C2Boss-Electric Attack:10;C2Boss-Kickshot-Kick:70;C2Boss-Lineshot:10;C2Boss-Jumpshot:30;Player-슈아2 감전 스택 폭발:20;C2Boss-Drillshot-Gun2:10;FX_Explosion-Hitbox:20"
