SerialNumber,95bd2cec2d33b7d47d7851a3426844352c9edb82
TotalPlayTime,2263.43
TotalDeathCount,0
TotalKilledEnemies,122
TotalClearedBosses,2

SegmentNumber,EquippedModules,PlayTime,Staff_AttackCount,Staff_SpecialAttackCount,Staff_TotalDamage,Staff_Time,Staff_DPS,Shotgun_AttackCount,Shotgun_SpecialAttackCount,Shotgun_TotalDamage,Shotgun_Time,Shotgun_DPS,Hammer_AttackCount,Hammer_SpecialAttackCount,Hammer_TotalDamage,Hammer_Time,Hammer_DPS,Sword_AttackCount,Sword_SpecialAttackCount,Sword_TotalDamage,Sword_Time,Sword_DPS,Spear_AttackCount,Spear_SpecialAttackCount,Spear_TotalDamage,Spear_Time,Spear_DPS,WeaponSwitches,DamageReceivedByEnemy,DashCount,SlideDashCount,JumpCount,DodgeCount,DeathCount,EnemyPatternHitLogs
"C1_Stage1_1","",82.15,103,0,0.00,31.17,0.0000,0,0,0.00,0.00,非數值,0,0,0.00,0.00,非數值,0,0,0.00,0.00,非數值,0,0,0.00,0.00,非數值,"",0.00,15,12,1,9,0,""
"C1_Stage2_1","",49.70,44,0,675.00,14.05,48.0429,0,0,0.00,0.00,非數值,0,0,0.00,0.00,非數值,0,0,0.00,0.00,非數值,0,0,0.00,0.00,非數值,"",30.00,11,3,1,3,0,"C1TonpaMobPrefab (4)-AttackHitbox:10;C1PistolMobForDashTutorial-AttackHitbox:20"
"C1_Stage2_2","",59.36,15,0,2.21,2.88,0.7665,39,3,303.00,39.97,7.5813,0,0,0.00,0.00,非數值,0,0,0.00,0.00,非數值,0,0,0.00,0.00,非數值,"{order:1,from:Shotgun,to:Shotgun}",20.00,16,2,1,6,0,"C1EliteTonpaMobForDashTutorial-Rush Attack:20"
"C1_Stage3_1","",103.06,104,0,0.00,33.08,0.0000,5,0,0.00,2.50,0.0000,0,0,0.00,0.00,非數值,0,0,0.00,0.00,非數值,0,0,0.00,0.00,非數值,"{order:1,from:Staff,to:Staff}",50.00,26,13,0,13,0,"C1MidBoss-KickKick 1:20;C1MidBoss-Room Center TangTang 1:10;C1MidBoss-RushKick:10;C1MidBoss-KickKick 2:10"
"C1_Boss_1","MaxHPBuff1",279.24,63,0,627.00,28.48,22.0129,88,7,929.90,67.52,13.7731,0,0,0.00,0.00,非數值,0,0,0.00,0.00,非數值,0,0,0.00,0.00,非數值,"{order:1,from:Shotgun,to:Shotgun};{order:2,from:Staff,to:Staff};{order:3,from:Shotgun,to:Shotgun};{order:4,from:Staff,to:Staff};{order:5,from:Shotgun,to:Shotgun};{order:6,from:Staff,to:Staff};{order:7,from:Shotgun,to:Shotgun};{order:8,from:Staff,to:Staff};{order:9,from:Shotgun,to:Shotgun};{order:10,from:Staff,to:Staff};{order:11,from:Shotgun,to:Shotgun};{order:12,from:Staff,to:Staff};{order:13,from:Shotgun,to:Shotgun};{order:14,from:Staff,to:Staff}",180.00,46,5,9,18,0,"C1Boss-CounterAttackHitbox:50;C1Boss-DashAttackHitbox:80;C1Boss-FlameThrowerMainHitbox:20;C1Boss-FlameThrowerStartHitbox:10;C1Boss-MeleeAttack2Hitbox :10;C1Boss-MeleeAttack1Hitbox:10"
"C2_Stage2_1","MaxHPBuff1,ShieldOnDamage",17.05,26,0,327.00,8.37,39.0835,0,0,0.00,0.00,非數值,0,0,0.00,0.00,非數值,0,0,0.00,0.00,非數值,0,0,0.00,0.00,非數值,"",0.00,8,2,0,3,0,""
"C2_Stage2_2","MaxHPBuff1,ShieldOnDamage",11.97,13,0,174.00,3.95,44.0505,0,0,0.00,0.00,非數值,0,0,0.00,0.00,非數值,0,0,0.00,0.00,非數值,0,0,0.00,0.00,非數值,"",0.00,3,0,0,1,0,""
"C2_Stage2_3","MaxHPBuff1,ShieldOnDamage",149.06,17,0,257.00,7.77,33.0904,0,0,0.00,0.00,非數值,0,0,0.00,0.00,非數值,0,0,0.00,0.00,非數值,21,0,135.00,14.70,9.1837,"{order:1,from:Spear,to:Spear};{order:2,from:Staff,to:Staff}",0.00,26,2,0,13,0,""
"C2_Stage2_4","MaxHPBuff1,ShieldOnDamage",2.74,0,0,0.00,0.00,非數值,0,0,0.00,0.00,非數值,0,0,0.00,0.00,非數值,0,0,0.00,0.00,非數值,0,0,0.00,0.00,非數值,"",0.00,0,0,0,0,0,""
"C2_Stage2_5","MaxHPBuff1,ShieldOnDamage",36.92,27,1,352.50,10.93,32.2415,0,0,0.00,0.00,非數值,0,0,0.00,0.00,非數值,0,0,0.00,0.00,非數值,10,1,140.00,5.62,24.9262,"{order:1,from:Spear,to:Spear};{order:2,from:Staff,to:Staff};{order:3,from:Spear,to:Spear};{order:4,from:Staff,to:Staff}",10.00,14,5,0,4,0,"C2ElecWhipmanPrefabForDashTutorial-LowAttackHitBox:10"
"C2_Stage2_6","MaxHPBuff1,ShieldOnDamage",34.85,42,0,526.00,13.20,39.8483,0,0,0.00,0.00,非數值,0,0,0.00,0.00,非數值,0,0,0.00,0.00,非數值,11,2,300.00,5.92,50.7046,"{order:1,from:Spear,to:Spear};{order:2,from:Staff,to:Staff};{order:3,from:Spear,to:Spear};{order:4,from:Staff,to:Staff}",40.00,13,7,0,3,0,"C2EliteMobPrefab-RushAttackHitBox:10;C2ElecWhipmanPrefab-AttackHitBox:10;C2ElecWhipmanPrefab-LowAttackHitBox:20"
"C2_Stage2_7","MaxHPBuff1,ShieldOnDamage",37.35,46,0,545.50,15.14,36.0391,0,0,0.00,0.00,非數值,0,0,0.00,0.00,非數值,0,0,0.00,0.00,非數值,10,2,212.50,6.05,35.1421,"{order:1,from:Spear,to:Spear};{order:2,from:Staff,to:Staff};{order:3,from:Spear,to:Spear};{order:4,from:Staff,to:Staff}",50.00,14,2,0,2,0,"C2ElecWhipmanPrefab (1)-LowAttackHitBox:30;Player-슈아2 감전 스택 폭발:10;C2EliteMobPrefab-JumpAttackHitBox:10"
"C2_Stage2_8","MaxHPBuff1,ShieldOnDamage",68.57,62,0,749.00,23.45,31.9405,4,0,60.00,0.89,67.5536,0,0,0.00,0.00,非數值,0,0,0.00,0.00,非數值,20,2,302.50,10.50,28.8229,"{order:1,from:Spear,to:Spear};{order:2,from:Staff,to:Staff};{order:3,from:Spear,to:Spear};{order:4,from:Staff,to:Staff};{order:5,from:Spear,to:Spear};{order:6,from:Staff,to:Staff};{order:7,from:Spear,to:Spear};{order:8,from:Shotgun,to:Shotgun};{order:9,from:Staff,to:Staff}",60.00,25,4,0,4,0,"C2GunnerMobPrefab (1)-RangedAttackHitbox:10;C2EliteMobPrefab-JumpAttackHitBox:20;C2EliteMobPrefab-RushAttackHitBox:10;C2ElecWhipmanPrefab-AttackBrokenHitBox:10;C2ElecWhipmanPrefab-LowAttackHitBox:10"
"C2_Stage2_9","MaxHPBuff1,ShieldOnDamage",46.92,25,0,331.50,8.88,37.3223,0,0,0.00,0.00,非數值,0,0,0.00,0.00,非數值,0,0,0.00,0.00,非數值,18,4,694.50,10.50,66.1206,"{order:1,from:Spear,to:Spear};{order:2,from:Staff,to:Staff};{order:3,from:Spear,to:Spear};{order:4,from:Staff,to:Staff};{order:5,from:Spear,to:Spear};{order:6,from:Staff,to:Staff}",30.00,12,2,0,3,0,"C2ElecWhipmanPrefab (1)-LowAttackHitBox:10;C2ElecWhipmanPrefab-LowAttackHitBox:20"
"C2_Stage2_10","MaxHPBuff1,ShieldOnDamage",36.68,37,0,388.50,13.63,28.4941,0,0,0.00,0.00,非數值,0,0,0.00,0.00,非數值,0,0,0.00,0.00,非數值,6,1,125.00,2.63,47.4844,"{order:1,from:Spear,to:Spear};{order:2,from:Staff,to:Staff}",70.00,13,4,2,1,0,"FallDamageArea-:10;C2GunnerMobPrefab-RangedAttackHitbox:20;C2ElecWhipmanPrefab-LowAttackHitBox:20;C2GunnerMobPrefab-Hitboxes:10;Player-슈아2 감전 스택 폭발:10"
"C2_Stage2_11","MaxHPBuff1,ShieldOnDamage",71.10,56,0,752.00,17.73,42.4067,0,0,0.00,0.00,非數值,0,0,0.00,0.00,非數值,0,0,0.00,0.00,非數值,20,4,552.50,11.55,47.8333,"{order:1,from:Spear,to:Spear};{order:2,from:Staff,to:Staff};{order:3,from:Spear,to:Spear};{order:4,from:Staff,to:Staff};{order:5,from:Spear,to:Spear};{order:6,from:Staff,to:Staff};{order:7,from:Spear,to:Spear};{order:8,from:Staff,to:Staff}",90.00,21,3,6,6,0,"Player-슈아2 감전 스택 폭발:20;C2EliteMobPrefab-JumpAttackHitBox:10;C2EliteMobPrefab-RushAttackHitBox:10;FallDamageArea-:20;Crosshair-hitbox:10;C2ElecWhipmanPrefab (1)-LowAttackHitBox:10;C2ElecWhipmanPrefab-AttackHitBox:10"
"C2_Stage2_12","MaxHPBuff1,ShieldOnDamage",302.81,118,0,0.00,41.42,0.0000,53,4,0.00,37.28,0.0000,0,0,0.00,0.00,非數值,0,0,0.00,0.00,非數值,4,0,0.00,4.13,0.0000,"{order:1,from:Shotgun,to:Shotgun};{order:2,from:Staff,to:Staff};{order:3,from:Shotgun,to:Shotgun};{order:4,from:Staff,to:Staff};{order:5,from:Spear,to:Spear};{order:6,from:Shotgun,to:Shotgun};{order:7,from:Staff,to:Staff};{order:8,from:Spear,to:Spear};{order:9,from:Staff,to:Staff};{order:10,from:Shotgun,to:Shotgun};{order:11,from:Staff,to:Staff};{order:12,from:Spear,to:Spear};{order:13,from:Staff,to:Staff};{order:14,from:Spear,to:Spear};{order:15,from:Shotgun,to:Shotgun};{order:16,from:Staff,to:Staff}",90.00,52,12,6,17,0,"C1CannonExplode(Clone)-C1CannonExplode(Clone):10;C2MidBoss Tanker-Electric Rush:30;C2MidBoss Sniper-Crosshair:10;C2MidBoss Tanker-Ground Slam:20;C2MidBoss Tanker-Rush:20"
"C2_Boss_1","MaxHPBuff1,ShieldOnDamage",78.53,24,0,264.40,10.72,24.6716,12,1,225.50,6.85,32.9192,0,0,0.00,0.00,非數值,0,0,0.00,0.00,非數值,18,2,233.50,8.27,28.2462,"{order:1,from:Shotgun,to:Shotgun};{order:2,from:Staff,to:Staff};{order:3,from:Spear,to:Spear};{order:4,from:Shotgun,to:Shotgun};{order:5,from:Spear,to:Spear};{order:6,from:Shotgun,to:Shotgun};{order:7,from:Spear,to:Spear};{order:8,from:Staff,to:Staff};{order:9,from:Shotgun,to:Shotgun};{order:10,from:Staff,to:Staff};{order:11,from:Spear,to:Spear};{order:12,from:Shotgun,to:Shotgun};{order:13,from:Staff,to:Staff}",40.00,19,6,2,4,0,"Player-슈아2 감전 스택 폭발:10;C2ShieldMobPrefab-ShieldAttackHitbox:10;C2GunnerMobPrefab (1)-RangedAttackHitbox:10;C2EliteMobPrefab (2)-RushAttackHitBox:10"
"C2_Boss_2","MaxHPBuff1,ShieldOnDamage",82.45,49,0,552.80,19.00,29.0942,13,4,483.00,6.63,72.8171,0,0,0.00,0.00,非數值,0,0,0.00,0.00,非數值,19,6,842.00,10.69,78.7333,"{order:1,from:Shotgun,to:Shotgun};{order:2,from:Staff,to:Staff};{order:3,from:Spear,to:Spear};{order:4,from:Shotgun,to:Shotgun};{order:5,from:Staff,to:Staff};{order:6,from:Spear,to:Spear};{order:7,from:Staff,to:Staff};{order:8,from:Shotgun,to:Shotgun};{order:9,from:Staff,to:Staff};{order:10,from:Spear,to:Spear};{order:11,from:Staff,to:Staff};{order:12,from:Spear,to:Spear};{order:13,from:Staff,to:Staff};{order:14,from:Shotgun,to:Shotgun};{order:15,from:Staff,to:Staff};{order:16,from:Spear,to:Spear};{order:17,from:Staff,to:Staff};{order:18,from:Spear,to:Spear};{order:19,from:Staff,to:Staff}",20.00,17,8,5,7,0,"C2EliteMobPrefab-JumpAttackHitBox:10;Player-슈아2 감전 스택 폭발:10"
"C2_Boss_3","MaxHPBuff1,ShieldOnDamage",39.07,7,0,20.20,1.82,11.1194,4,1,152.00,5.63,26.9818,0,0,0.00,0.00,非數值,0,0,0.00,0.00,非數值,8,2,252.50,5.60,45.0885,"{order:1,from:Spear,to:Spear};{order:2,from:Staff,to:Staff};{order:3,from:Shotgun,to:Shotgun};{order:4,from:Spear,to:Spear};{order:5,from:Staff,to:Staff}",30.00,5,0,3,1,0,"C2EliteMobPrefab (1)-JumpAttackHitBox:10;C2EliteMobPrefab-RushAttackHitBox:20"
"C2_Boss_4","MaxHPBuff1,ShieldOnDamage",27.23,0,0,0.00,0.22,0.0000,0,0,0.00,0.00,非數值,0,0,0.00,0.00,非數值,0,0,0.00,0.00,非數值,0,0,0.00,0.00,非數值,"",0.00,1,0,1,0,0,""
"C2_Boss_5","MaxHPBuff1,ShieldOnDamage",20.85,10,0,68.00,4.32,15.7539,5,0,60.00,2.37,25.3544,0,0,0.00,0.00,非數值,0,0,0.00,0.00,非數值,9,3,557.50,4.18,133.2586,"{order:1,from:Shotgun,to:Shotgun};{order:2,from:Spear,to:Spear};{order:3,from:Staff,to:Staff};{order:4,from:Spear,to:Spear};{order:5,from:Staff,to:Staff}",10.00,5,2,0,2,0,"C2ElecWhipmanPrefab (1)-LowAttackHitBox:10"
"C2_Boss_6","MaxHPBuff1,ShieldOnDamage",166.39,125,0,1448.00,37.90,38.2037,0,0,0.00,0.00,非數值,0,0,0.00,0.00,非數值,0,0,0.00,0.00,非數值,10,1,162.50,5.20,31.2488,"{order:1,from:Spear,to:Spear};{order:2,from:Staff,to:Staff};{order:3,from:Spear,to:Spear};{order:4,from:Staff,to:Staff}",90.00,23,6,0,9,0,"C2Boss-Jumpshot:20;C2Boss-Drillshot-Gun1:10;C2Boss-Electric Attack:10;C2Boss-Drillshot-Swing:30;FX_Explosion-Hitbox:20;C2Boss-Kickshot-Kick:0"
