SerialNumber,3ffffe039357909eb7eff055959b07ce371ecfec
TotalPlayTime,1532.18
TotalDeathCount,0
TotalKilledEnemies,25
TotalClearedBosses,0

SegmentNumber,EquippedModules,PlayTime,Staff_AttackCount,Staff_SpecialAttackCount,Staff_TotalDamage,Staff_Time,Staff_DPS,Shotgun_AttackCount,Shotgun_SpecialAttackCount,Shotgun_TotalDamage,Shotgun_Time,Shotgun_DPS,Hammer_AttackCount,Hammer_SpecialAttackCount,Hammer_TotalDamage,Hammer_Time,Hammer_DPS,Sword_AttackCount,Sword_SpecialAttackCount,Sword_TotalDamage,Sword_Time,Sword_DPS,Spear_AttackCount,Spear_SpecialAttackCount,Spear_TotalDamage,Spear_Time,Spear_DPS,WeaponSwitches,DamageReceivedByEnemy,DashCount,SlideDashCount,JumpCount,DodgeCount,DeathCount,EnemyPatternHitLogs
"C1_Stage1_1","",319.12,119,0,0.00,44.33,0.0000,0,0,0.00,0.00,NaN,0,0,0.00,0.00,NaN,0,0,0.00,0.00,NaN,0,0,0.00,0.00,NaN,"",80.00,40,32,7,22,0,"C1MidBoss-TangTang 1:50;C1MidBoss-TangTang 2:20;C1MidBoss-RushKick:10"
"C1_Stage2_1","",80.93,61,0,673.00,22.60,29.7786,0,0,0.00,0.00,NaN,0,0,0.00,0.00,NaN,0,0,0.00,0.00,NaN,0,0,0.00,0.00,NaN,"",50.00,13,7,10,5,0,"C1TonpaMobPrefab (1)-AttackHitbox:10;C1PistolMobForDashTutorial-AttackHitbox:30;C1GunnerMobPrefab-RangedAttackHitbox:10"
"C1_Stage2_2","",750.93,12,0,1.61,6.32,0.2549,41,4,323.90,48.88,6.6260,0,0,0.00,0.00,NaN,0,0,0.00,0.00,NaN,0,0,0.00,0.00,NaN,"{order:1,from:Shotgun,to:Shotgun};{order:2,from:Staff,to:Staff}",80.00,19,15,8,7,0,"C1EliteTonpaMobForDashTutorial-Rush Attack:60;C1EliteTonpaMobForDashTutorial-Attack:20"
