SerialNumber,fdc79fcd490d39be73dbeeafe7abed047bcb5206
TotalPlayTime,1407.50
TotalDeathCount,4
TotalKilledEnemies,44
TotalClearedBosses,2

SegmentNumber,EquippedModules,PlayTime,Staff_AttackCount,Staff_SpecialAttackCount,Staff_TotalDamage,Staff_Time,Staff_DPS,Shotgun_AttackCount,Shotgun_SpecialAttackCount,Shotgun_TotalDamage,Shotgun_Time,Shotgun_DPS,Hammer_AttackCount,Hammer_SpecialAttackCount,Hammer_TotalDamage,Hammer_Time,Hammer_DPS,Sword_AttackCount,Sword_SpecialAttackCount,Sword_TotalDamage,Sword_Time,Sword_DPS,Spear_AttackCount,Spear_SpecialAttackCount,Spear_TotalDamage,Spear_Time,Spear_DPS,WeaponSwitches,DamageReceivedByEnemy,DashCount,SlideDashCount,JumpCount,DodgeCount,DeathCount,EnemyPatternHitLogs
"C1_Stage1_1","",75.55,93,0,0.00,25.93,0.0000,0,0,0.00,0.00,NaN,0,0,0.00,0.00,NaN,0,0,0.00,0.00,NaN,0,0,0.00,0.00,NaN,"",10.00,11,11,1,11,0,"C1MidBoss-TangTang 2:10"
"C1_Stage2_1","",34.92,39,0,684.00,13.77,49.6854,0,0,0.00,0.00,NaN,0,0,0.00,0.00,NaN,0,0,0.00,0.00,NaN,0,0,0.00,0.00,NaN,"",20.00,21,21,0,3,0,"C1TonpaMobPrefab (4)-AttackHitbox:10;C1PistolMobForDashTutorial-AttackHitbox:10"
"C1_Stage2_2","",69.12,31,1,306.48,9.07,33.8030,18,1,31.50,10.57,2.9811,0,0,0.00,0.00,NaN,0,0,0.00,0.00,NaN,0,0,0.00,0.00,NaN,"{order:1,from:Shotgun,to:Shotgun};{order:2,from:Staff,to:Staff};{order:3,from:Shotgun,to:Shotgun};{order:4,from:Staff,to:Staff}",0.00,9,9,1,4,0,""
"C1_Stage2_3","",4.64,0,0,0.00,0.00,NaN,0,0,0.00,0.00,NaN,0,0,0.00,0.00,NaN,0,0,0.00,0.00,NaN,0,0,0.00,0.00,NaN,"",0.00,0,0,0,0,0,""
"C1_Stage3_1","",87.76,88,0,0.00,26.03,0.0000,0,0,0.00,0.00,NaN,0,0,0.00,0.00,NaN,0,0,0.00,0.00,NaN,0,0,0.00,0.00,NaN,"",0.00,18,18,0,14,0,""
"C1_Boss_1","ReduceDashCooltime",350.89,251,10,3856.50,84.84,45.4582,108,2,408.50,54.77,7.4589,0,0,0.00,0.00,NaN,0,0,0.00,0.00,NaN,0,0,0.00,0.00,NaN,"{order:1,from:Shotgun,to:Shotgun};{order:2,from:Staff,to:Staff};{order:3,from:Shotgun,to:Shotgun};{order:4,from:Staff,to:Staff};{order:5,from:Shotgun,to:Shotgun};{order:6,from:Staff,to:Staff};{order:7,from:Shotgun,to:Shotgun};{order:8,from:Shotgun,to:Shotgun};{order:9,from:Staff,to:Staff};{order:10,from:Shotgun,to:Shotgun};{order:11,from:Staff,to:Staff};{order:12,from:Shotgun,to:Shotgun};{order:13,from:Staff,to:Staff};{order:14,from:Shotgun,to:Shotgun};{order:15,from:Shotgun,to:Shotgun};{order:16,from:Staff,to:Staff};{order:17,from:Shotgun,to:Shotgun};{order:18,from:Staff,to:Staff};{order:19,from:Shotgun,to:Shotgun};{order:20,from:Staff,to:Staff};{order:21,from:Shotgun,to:Shotgun};{order:22,from:Staff,to:Staff};{order:23,from:Shotgun,to:Shotgun};{order:24,from:Staff,to:Staff};{order:25,from:Shotgun,to:Shotgun};{order:26,from:Staff,to:Staff};{order:27,from:Shotgun,to:Shotgun};{order:28,from:Staff,to:Staff}",150.00,93,91,2,37,3,"C1Boss-FlameThrowerMainHitbox:10;C1Boss-FlameThrowerMiddleHitbox:10;C1Boss-CounterAttackHitbox:60;C1Boss-FlameThrowerStartHitbox:20;C1Boss-DashAttackHitbox:20;C1Boss-MeleeAttack1Hitbox:10;C1Boss-MeleeAttack3Hitbox:10;C1CannonExplode(Clone)-C1CannonExplode(Clone):10"
"C2_Stage2_1","ReduceDashCooltime,ResetDashCooltimeOnWeaponChange",17.53,29,0,349.00,9.62,36.2910,0,0,0.00,0.00,NaN,0,0,0.00,0.00,NaN,0,0,0.00,0.00,NaN,0,0,0.00,0.00,NaN,"",0.00,14,14,0,4,0,""
"C2_Stage2_2","ReduceDashCooltime,ResetDashCooltimeOnWeaponChange",13.00,12,0,168.00,5.37,31.3042,0,0,0.00,0.00,NaN,0,0,0.00,0.00,NaN,0,0,0.00,0.00,NaN,0,0,0.00,0.00,NaN,"",0.00,10,10,0,1,0,""
"C2_Stage2_3","ReduceDashCooltime,ResetDashCooltimeOnWeaponChange",93.69,21,0,271.00,10.80,25.0926,0,0,0.00,0.00,NaN,0,0,0.00,0.00,NaN,0,0,0.00,0.00,NaN,22,0,92.50,11.02,8.3964,"{order:1,from:Spear,to:Spear};{order:2,from:Staff,to:Staff}",10.00,21,12,2,4,0,"C2GunnerMobPrefab (5)-RangedAttackHitbox:10"
"C2_Stage2_4","ReduceDashCooltime,ResetDashCooltimeOnWeaponChange",0.02,0,0,0.00,0.00,NaN,0,0,0.00,0.00,NaN,0,0,0.00,0.00,NaN,0,0,0.00,0.00,NaN,0,0,0.00,0.00,NaN,"",0.00,0,0,0,0,0,""
"C2_Stage2_5","ReduceDashCooltime,ResetDashCooltimeOnWeaponChange",150.68,91,2,0.00,29.88,0.0000,27,0,0.00,15.85,0.0000,0,0,0.00,0.00,NaN,0,0,0.00,0.00,NaN,11,2,0.00,3.75,0.0000,"{order:1,from:Shotgun,to:Shotgun};{order:2,from:Staff,to:Staff};{order:3,from:Spear,to:Spear};{order:4,from:Staff,to:Staff};{order:5,from:Shotgun,to:Shotgun};{order:6,from:Staff,to:Staff};{order:7,from:Spear,to:Spear};{order:8,from:Staff,to:Staff}",10.00,23,19,1,9,0,"C2MidBoss Tanker-Rush:10"
"C2_Boss_1","ReduceDashCooltime,ResetDashCooltimeOnWeaponChange",160.50,179,2,2308.00,57.96,39.8187,0,0,0.00,0.00,NaN,0,0,0.00,0.00,NaN,0,0,0.00,0.00,NaN,11,0,60.00,2.55,23.5290,"{order:1,from:Spear,to:Spear};{order:2,from:Staff,to:Staff};{order:3,from:Spear,to:Spear};{order:4,from:Staff,to:Staff};{order:5,from:Spear,to:Spear};{order:6,from:Staff,to:Staff}",60.00,44,41,1,19,1,"C2Boss-Kickshot-Kick:30;C2Boss-Jumpshot:20;C2Boss-Drillshot-Swing:10"
