SerialNumber,56cf9fc5f845f641a67a23c5c83246445796776c
TotalPlayTime,1136.85
TotalDeathCount,1
TotalKilledEnemies,74
TotalClearedBosses,0

SegmentNumber,EquippedModules,PlayTime,Staff_AttackCount,Staff_SpecialAttackCount,Staff_TotalDamage,Staff_Time,Staff_DPS,Shotgun_AttackCount,Shotgun_SpecialAttackCount,Shotgun_TotalDamage,Shotgun_Time,Shotgun_DPS,Hammer_AttackCount,Hammer_SpecialAttackCount,Hammer_TotalDamage,Hammer_Time,Hammer_DPS,Sword_AttackCount,Sword_SpecialAttackCount,Sword_TotalDamage,Sword_Time,Sword_DPS,Spear_AttackCount,Spear_SpecialAttackCount,Spear_TotalDamage,Spear_Time,Spear_DPS,WeaponSwitches,DamageReceivedByEnemy,DashCount,SlideDashCount,JumpCount,DodgeCount,DeathCount,EnemyPatternHitLogs
"C1_Stage1_1","",131.46,121,0,0.00,39.20,0.0000,0,0,0.00,0.00,NaN,0,0,0.00,0.00,NaN,0,0,0.00,0.00,NaN,0,0,0.00,0.00,NaN,"",60.00,32,20,1,12,0,"C1MidBoss-RushKick:40;C1MidBoss-TangTang 1:20"
"C1_Stage2_1","",58.43,56,0,668.00,16.65,40.1201,0,0,0.00,0.00,NaN,0,0,0.00,0.00,NaN,0,0,0.00,0.00,NaN,0,0,0.00,0.00,NaN,"",0.00,10,5,8,4,0,""
"C1_Stage2_2","",204.61,24,0,2.95,8.83,0.3340,69,3,336.15,65.45,5.1360,0,0,0.00,0.00,NaN,0,0,0.00,0.00,NaN,0,0,0.00,0.00,NaN,"{order:1,from:Shotgun,to:Shotgun};{order:2,from:Staff,to:Staff};{order:3,from:Shotgun,to:Shotgun}",90.00,24,8,9,9,0,"C1EliteTonpaMobForDashTutorial-Rush Attack:50;C1EliteTonpaMobForDashTutorial-Attack:40"
"C1_Stage2_3","",112.82,77,0,480.10,27.00,17.7814,16,2,290.50,12.87,22.5778,0,0,0.00,0.00,NaN,0,0,0.00,0.00,NaN,0,0,0.00,0.00,NaN,"{order:1,from:Staff,to:Staff};{order:2,from:Shotgun,to:Shotgun};{order:3,from:Staff,to:Staff};{order:4,from:Shotgun,to:Shotgun};{order:5,from:Staff,to:Staff};{order:6,from:Shotgun,to:Shotgun};{order:7,from:Staff,to:Staff}",20.00,21,1,9,3,0,"C1EliteTonpaMobForDashTutorial (1)-Attack:10;C1PistolMobForDashTutorial-AttackHitbox:10"
"C1_Stage2_4","",25.63,23,0,234.40,7.37,31.8194,4,1,98.00,3.62,27.0970,0,0,0.00,0.00,NaN,0,0,0.00,0.00,NaN,0,0,0.00,0.00,NaN,"{order:1,from:Shotgun,to:Shotgun};{order:2,from:Staff,to:Staff}",10.00,6,0,3,1,0,"Hinge-Hitbox:10"
"C1_Stage2_5","",56.42,40,0,552.80,13.52,40.8977,8,2,134.00,5.83,22.9715,0,0,0.00,0.00,NaN,0,0,0.00,0.00,NaN,0,0,0.00,0.00,NaN,"{order:1,from:Shotgun,to:Shotgun};{order:2,from:Staff,to:Staff};{order:3,from:Shotgun,to:Shotgun};{order:4,from:Staff,to:Staff}",50.00,11,5,8,4,0,"Hinge-Hitbox:30;C1PistolMobForDashTutorial-AttackHitbox:10;C1GunnerMobPrefab-RangedAttackHitbox:10"
"C1_Stage2_6","",122.42,93,0,1077.20,33.17,32.4785,25,5,422.00,17.97,23.4877,0,0,0.00,0.00,NaN,0,0,0.00,0.00,NaN,0,0,0.00,0.00,NaN,"{order:1,from:Shotgun,to:Shotgun};{order:2,from:Staff,to:Staff};{order:3,from:Shotgun,to:Shotgun};{order:4,from:Staff,to:Staff};{order:5,from:Shotgun,to:Shotgun};{order:6,from:Staff,to:Staff};{order:7,from:Shotgun,to:Shotgun};{order:8,from:Staff,to:Staff};{order:9,from:Shotgun,to:Shotgun};{order:10,from:Staff,to:Staff};{order:11,from:Shotgun,to:Shotgun};{order:12,from:Staff,to:Staff};{order:13,from:Shotgun,to:Shotgun};{order:14,from:Staff,to:Staff};{order:15,from:Shotgun,to:Shotgun};{order:16,from:Staff,to:Staff}",80.00,26,2,13,8,0,"C1EliteTonpaMob (3)-Rush Attack:30;Hinge-Hitbox:20;C1PistolMob (2)-AttackHitbox:20;C1EliteTonpaMob-Rush Attack:10"
"C1_Stage2_7","",24.53,16,0,175.00,6.37,27.4868,4,1,98.00,1.13,86.4731,0,0,0.00,0.00,NaN,0,0,0.00,0.00,NaN,0,0,0.00,0.00,NaN,"{order:1,from:Shotgun,to:Shotgun};{order:2,from:Staff,to:Staff}",30.00,1,0,5,0,0,"Hinge-Hitbox:10;C1PistolMob-AttackHitbox:20"
"C1_Stage3_1","",44.09,14,0,0.00,4.97,0.0000,0,0,0.00,0.00,NaN,0,0,0.00,0.00,NaN,0,0,0.00,0.00,NaN,0,0,0.00,0.00,NaN,"",40.00,5,1,0,1,1,"C1MidBoss-TangTang 1:10;C1MidBoss-Room Center TangTang 1:10;C1MidBoss-RushKick:20"
