SerialNumber,44063aa2b6418c354a71e7d1a908dd2f71c50292
TotalPlayTime,779.38
TotalDeathCount,0
TotalKilledEnemies,21
TotalClearedBosses,0

SegmentNumber,EquippedModules,PlayTime,Staff_AttackCount,Staff_SpecialAttackCount,Staff_TotalDamage,Staff_Time,Staff_DPS,Shotgun_AttackCount,Shotgun_SpecialAttackCount,Shotgun_TotalDamage,Shotgun_Time,Shotgun_DPS,Hammer_AttackCount,Hammer_SpecialAttackCount,Hammer_TotalDamage,Hammer_Time,Hammer_DPS,Sword_AttackCount,Sword_SpecialAttackCount,Sword_TotalDamage,Sword_Time,Sword_DPS,Spear_AttackCount,Spear_SpecialAttackCount,Spear_TotalDamage,Spear_Time,Spear_DPS,WeaponSwitches,DamageReceivedByEnemy,DashCount,SlideDashCount,JumpCount,DodgeCount,DeathCount,EnemyPatternHitLogs
"C1_Stage1_1","",124.93,84,0,0.00,24.08,0.0000,0,0,0.00,0.00,NaN,0,0,0.00,0.00,NaN,0,0,0.00,0.00,NaN,0,0,0.00,0.00,NaN,"",0.00,14,13,0,9,0,""
"C1_Stage2_1","",46.48,44,0,703.00,14.87,47.2872,0,0,0.00,0.00,NaN,0,0,0.00,0.00,NaN,0,0,0.00,0.00,NaN,0,0,0.00,0.00,NaN,"",10.00,16,4,0,4,0,"C1PistolMobForDashTutorial-AttackHitbox:10"
"C1_Stage2_2","",36.45,32,2,310.14,11.30,27.4459,13,0,1.65,9.57,0.1725,0,0,0.00,0.00,NaN,0,0,0.00,0.00,NaN,0,0,0.00,0.00,NaN,"{order:1,from:Shotgun,to:Shotgun};{order:2,from:Staff,to:Staff};{order:3,from:Shotgun,to:Shotgun};{order:4,from:Staff,to:Staff};{order:5,from:Shotgun,to:Shotgun};{order:6,from:Staff,to:Staff}",0.00,12,8,0,3,0,""
"C1_Stage3_1","",191.44,102,0,0.00,31.50,0.0000,0,0,0.00,0.00,NaN,0,0,0.00,0.00,NaN,0,0,0.00,0.00,NaN,0,0,0.00,0.00,NaN,"",30.00,32,29,0,12,0,"C1MidBoss-TangTang 1:10;C1MidBoss-RushKick:10;C1MidBoss-KickKick 2:10"
